ano,uf,tipo,qtde
2013,ACRE,AUTOMOVEL,64622
2013,ACRE,CAMINHAO,6087
2013,ACRE,CAMINHAO TRATOR,546
2013,ACRE,CAMINHONETE,15706
2013,ACRE,CAMIONETA,6022
2013,ACRE,MICROONIBUS,269
2013,ACRE,MOTOCICLETA,83002
2013,ACRE,MOTONETA,15792
2013,ACRE,ONIBUS,795
2013,ACRE,UTILITARIO,776
2013,ALAGOAS,AUTOMOVEL,265459
2013,ALAGOAS,CAMINHAO,18189
2013,ALAGOAS,CAMINHAO TRATOR,2027
2013,ALAGOAS,CAMINHONETE,32490
2013,ALAGOAS,CAMIONETA,20807
2013,ALAGOAS,MICROONIBUS,5246
2013,ALAGOAS,MOTOCICLETA,186617
2013,ALAGOAS,MOTONETA,27584
2013,ALAGOAS,ONIBUS,5896
2013,ALAGOAS,UTILITARIO,3220
2013,AMAPA,AUTOMOVEL,62004
2013,AMAPA,CAMINHAO,3470
2013,AMAPA,CAMINHAO TRATOR,257
2013,AMAPA,CAMINHONETE,13262
2013,AMAPA,CAMIONETA,5749
2013,AMAPA,MICROONIBUS,364
2013,AMAPA,MOTOCICLETA,49128
2013,AMAPA,MOTONETA,8243
2013,AMAPA,ONIBUS,928
2013,AMAPA,UTILITARIO,663
2013,AMAZONAS,AUTOMOVEL,314731
2013,AMAZONAS,CAMINHAO,18324
2013,AMAZONAS,CAMINHAO TRATOR,2840
2013,AMAZONAS,CAMINHONETE,59215
2013,AMAZONAS,CAMIONETA,32247
2013,AMAZONAS,MICROONIBUS,3165
2013,AMAZONAS,MOTOCICLETA,172693
2013,AMAZONAS,MOTONETA,39362
2013,AMAZONAS,ONIBUS,8214
2013,AMAZONAS,UTILITARIO,3963
2013,BAHIA,AUTOMOVEL,1357427
2013,BAHIA,CAMINHAO,101739
2013,BAHIA,CAMINHAO TRATOR,17196
2013,BAHIA,CAMINHONETE,227498
2013,BAHIA,CAMIONETA,91208
2013,BAHIA,MICROONIBUS,22803
2013,BAHIA,MOTOCICLETA,953869
2013,BAHIA,MOTONETA,129687
2013,BAHIA,ONIBUS,32701
2013,BAHIA,UTILITARIO,15730
2013,CEARA,AUTOMOVEL,837452
2013,CEARA,CAMINHAO,58381
2013,CEARA,CAMINHAO TRATOR,6638
2013,CEARA,CAMINHONETE,112093
2013,CEARA,CAMIONETA,71221
2013,CEARA,MICROONIBUS,9276
2013,CEARA,MOTOCICLETA,986826
2013,CEARA,MOTONETA,110767
2013,CEARA,ONIBUS,13119
2013,CEARA,UTILITARIO,17670
2013,DISTRITO FEDERAL,AUTOMOVEL,1063702
2013,DISTRITO FEDERAL,CAMINHAO,21172
2013,DISTRITO FEDERAL,CAMINHAO TRATOR,2890
2013,DISTRITO FEDERAL,CAMINHONETE,83930
2013,DISTRITO FEDERAL,CAMIONETA,71116
2013,DISTRITO FEDERAL,MICROONIBUS,4830
2013,DISTRITO FEDERAL,MOTOCICLETA,149844
2013,DISTRITO FEDERAL,MOTONETA,14074
2013,DISTRITO FEDERAL,ONIBUS,9082
2013,DISTRITO FEDERAL,UTILITARIO,14525
2013,ESPIRITO SANTO,AUTOMOVEL,761805
2013,ESPIRITO SANTO,CAMINHAO,62280
2013,ESPIRITO SANTO,CAMINHAO TRATOR,16608
2013,ESPIRITO SANTO,CAMINHONETE,102530
2013,ESPIRITO SANTO,CAMIONETA,69888
2013,ESPIRITO SANTO,MICROONIBUS,6626
2013,ESPIRITO SANTO,MOTOCICLETA,362102
2013,ESPIRITO SANTO,MOTONETA,80613
2013,ESPIRITO SANTO,ONIBUS,13228
2013,ESPIRITO SANTO,UTILITARIO,9712
2013,GOIAS,AUTOMOVEL,1444014
2013,GOIAS,CAMINHAO,94986
2013,GOIAS,CAMINHAO TRATOR,24217
2013,GOIAS,CAMINHONETE,276452
2013,GOIAS,CAMIONETA,60438
2013,GOIAS,MICROONIBUS,7472
2013,GOIAS,MOTOCICLETA,720105
2013,GOIAS,MOTONETA,209421
2013,GOIAS,ONIBUS,18553
2013,GOIAS,UTILITARIO,12661
2013,MARANHAO,AUTOMOVEL,321446
2013,MARANHAO,CAMINHAO,31624
2013,MARANHAO,CAMINHAO TRATOR,2673
2013,MARANHAO,CAMINHONETE,73131
2013,MARANHAO,CAMIONETA,22450
2013,MARANHAO,MICROONIBUS,3988
2013,MARANHAO,MOTOCICLETA,574095
2013,MARANHAO,MOTONETA,87582
2013,MARANHAO,ONIBUS,6687
2013,MARANHAO,UTILITARIO,5547
2013,MATO GROSSO,AUTOMOVEL,517145
2013,MATO GROSSO,CAMINHAO,56529
2013,MATO GROSSO,CAMINHAO TRATOR,24415
2013,MATO GROSSO,CAMINHONETE,148887
2013,MATO GROSSO,CAMIONETA,27872
2013,MATO GROSSO,MICROONIBUS,2654
2013,MATO GROSSO,MOTOCICLETA,477671
2013,MATO GROSSO,MOTONETA,152367
2013,MATO GROSSO,ONIBUS,9103
2013,MATO GROSSO,UTILITARIO,7494
2013,MATO GROSSO DO SUL,AUTOMOVEL,554657
2013,MATO GROSSO DO SUL,CAMINHAO,43365
2013,MATO GROSSO DO SUL,CAMINHAO TRATOR,12818
2013,MATO GROSSO DO SUL,CAMINHONETE,116655
2013,MATO GROSSO DO SUL,CAMIONETA,22242
2013,MATO GROSSO DO SUL,MICROONIBUS,2900
2013,MATO GROSSO DO SUL,MOTOCICLETA,303496
2013,MATO GROSSO DO SUL,MOTONETA,85044
2013,MATO GROSSO DO SUL,ONIBUS,7987
2013,MATO GROSSO DO SUL,UTILITARIO,6174
2013,MINAS GERAIS,AUTOMOVEL,4743164
2013,MINAS GERAIS,CAMINHAO,289361
2013,MINAS GERAIS,CAMINHAO TRATOR,56253
2013,MINAS GERAIS,CAMINHONETE,661005
2013,MINAS GERAIS,CAMIONETA,205262
2013,MINAS GERAIS,MICROONIBUS,37473
2013,MINAS GERAIS,MOTOCICLETA,2037021
2013,MINAS GERAIS,MOTONETA,216462
2013,MINAS GERAIS,ONIBUS,64564
2013,MINAS GERAIS,UTILITARIO,32481
2013,PARA,AUTOMOVEL,434850
2013,PARA,CAMINHAO,48009
2013,PARA,CAMINHAO TRATOR,5834
2013,PARA,CAMINHONETE,92378
2013,PARA,CAMIONETA,31580
2013,PARA,MICROONIBUS,5655
2013,PARA,MOTOCICLETA,551351
2013,PARA,MOTONETA,120929
2013,PARA,ONIBUS,13949
2013,PARA,UTILITARIO,8345
2013,PARAIBA,AUTOMOVEL,390895
2013,PARAIBA,CAMINHAO,24692
2013,PARAIBA,CAMINHAO TRATOR,2266
2013,PARAIBA,CAMINHONETE,46881
2013,PARAIBA,CAMIONETA,30463
2013,PARAIBA,MICROONIBUS,3748
2013,PARAIBA,MOTOCICLETA,350811
2013,PARAIBA,MOTONETA,48954
2013,PARAIBA,ONIBUS,6054
2013,PARAIBA,UTILITARIO,4965
2013,PARANA,AUTOMOVEL,3604353
2013,PARANA,CAMINHAO,235334
2013,PARANA,CAMINHAO TRATOR,79368
2013,PARANA,CAMINHONETE,432934
2013,PARANA,CAMIONETA,223220
2013,PARANA,MICROONIBUS,18536
2013,PARANA,MOTOCICLETA,979862
2013,PARANA,MOTONETA,239406
2013,PARANA,ONIBUS,34892
2013,PARANA,UTILITARIO,30109
2013,PERNAMBUCO,AUTOMOVEL,1051504
2013,PERNAMBUCO,CAMINHAO,80162
2013,PERNAMBUCO,CAMINHAO TRATOR,10113
2013,PERNAMBUCO,CAMINHONETE,112013
2013,PERNAMBUCO,CAMIONETA,84664
2013,PERNAMBUCO,MICROONIBUS,14513
2013,PERNAMBUCO,MOTOCICLETA,794602
2013,PERNAMBUCO,MOTONETA,77668
2013,PERNAMBUCO,ONIBUS,17416
2013,PERNAMBUCO,UTILITARIO,10620
2013,PIAUI,AUTOMOVEL,236382
2013,PIAUI,CAMINHAO,20991
2013,PIAUI,CAMINHAO TRATOR,1855
2013,PIAUI,CAMINHONETE,43780
2013,PIAUI,CAMIONETA,28120
2013,PIAUI,MICROONIBUS,2380
2013,PIAUI,MOTOCICLETA,386599
2013,PIAUI,MOTONETA,65687
2013,PIAUI,ONIBUS,5093
2013,PIAUI,UTILITARIO,2978
2013,RIO DE JANEIRO,AUTOMOVEL,3721831
2013,RIO DE JANEIRO,CAMINHAO,127841
2013,RIO DE JANEIRO,CAMINHAO TRATOR,15287
2013,RIO DE JANEIRO,CAMINHONETE,211438
2013,RIO DE JANEIRO,CAMIONETA,276657
2013,RIO DE JANEIRO,MICROONIBUS,35125
2013,RIO DE JANEIRO,MOTOCICLETA,717836
2013,RIO DE JANEIRO,MOTONETA,127548
2013,RIO DE JANEIRO,ONIBUS,43554
2013,RIO DE JANEIRO,UTILITARIO,32475
2013,RIO GRANDE DO NORTE,AUTOMOVEL,410857
2013,RIO GRANDE DO NORTE,CAMINHAO,25914
2013,RIO GRANDE DO NORTE,CAMINHAO TRATOR,2469
2013,RIO GRANDE DO NORTE,CAMINHONETE,51316
2013,RIO GRANDE DO NORTE,CAMIONETA,31021
2013,RIO GRANDE DO NORTE,MICROONIBUS,4049
2013,RIO GRANDE DO NORTE,MOTOCICLETA,326279
2013,RIO GRANDE DO NORTE,MOTONETA,44323
2013,RIO GRANDE DO NORTE,ONIBUS,5748
2013,RIO GRANDE DO NORTE,UTILITARIO,8434
2013,RIO GRANDE DO SUL,AUTOMOVEL,3465394
2013,RIO GRANDE DO SUL,CAMINHAO,198748
2013,RIO GRANDE DO SUL,CAMINHAO TRATOR,51449
2013,RIO GRANDE DO SUL,CAMINHONETE,326365
2013,RIO GRANDE DO SUL,CAMIONETA,227091
2013,RIO GRANDE DO SUL,MICROONIBUS,17095
2013,RIO GRANDE DO SUL,MOTOCICLETA,927553
2013,RIO GRANDE DO SUL,MOTONETA,159353
2013,RIO GRANDE DO SUL,ONIBUS,36243
2013,RIO GRANDE DO SUL,UTILITARIO,27803
2013,RONDONIA,AUTOMOVEL,203241
2013,RONDONIA,CAMINHAO,25992
2013,RONDONIA,CAMINHAO TRATOR,4987
2013,RONDONIA,CAMINHONETE,53441
2013,RONDONIA,CAMIONETA,17620
2013,RONDONIA,MICROONIBUS,946
2013,RONDONIA,MOTOCICLETA,310338
2013,RONDONIA,MOTONETA,86444
2013,RONDONIA,ONIBUS,4734
2013,RONDONIA,UTILITARIO,1911
2013,RORAIMA,AUTOMOVEL,51321
2013,RORAIMA,CAMINHAO,3659
2013,RORAIMA,CAMINHAO TRATOR,478
2013,RORAIMA,CAMINHONETE,12993
2013,RORAIMA,CAMIONETA,7893
2013,RORAIMA,MICROONIBUS,553
2013,RORAIMA,MOTOCICLETA,62798
2013,RORAIMA,MOTONETA,14737
2013,RORAIMA,ONIBUS,782
2013,RORAIMA,UTILITARIO,722
2013,SANTA CATARINA,AUTOMOVEL,2336461
2013,SANTA CATARINA,CAMINHAO,134067
2013,SANTA CATARINA,CAMINHAO TRATOR,45419
2013,SANTA CATARINA,CAMINHONETE,194463
2013,SANTA CATARINA,CAMIONETA,191894
2013,SANTA CATARINA,MICROONIBUS,10317
2013,SANTA CATARINA,MOTOCICLETA,741510
2013,SANTA CATARINA,MOTONETA,223485
2013,SANTA CATARINA,ONIBUS,16761
2013,SANTA CATARINA,UTILITARIO,24645
2013,SAO PAULO,AUTOMOVEL,15240187
2013,SAO PAULO,CAMINHAO,619939
2013,SAO PAULO,CAMINHAO TRATOR,152691
2013,SAO PAULO,CAMINHONETE,1196366
2013,SAO PAULO,CAMIONETA,1163413
2013,SAO PAULO,MICROONIBUS,101542
2013,SAO PAULO,MOTOCICLETA,3858305
2013,SAO PAULO,MOTONETA,668917
2013,SAO PAULO,ONIBUS,144136
2013,SAO PAULO,UTILITARIO,134550
2013,SERGIPE,AUTOMOVEL,251689
2013,SERGIPE,CAMINHAO,18456
2013,SERGIPE,CAMINHAO TRATOR,1715
2013,SERGIPE,CAMINHONETE,30229
2013,SERGIPE,CAMIONETA,9918
2013,SERGIPE,MICROONIBUS,3018
2013,SERGIPE,MOTOCICLETA,182367
2013,SERGIPE,MOTONETA,30938
2013,SERGIPE,ONIBUS,5380
2013,SERGIPE,UTILITARIO,2674
2013,Sem Informação,AUTOMOVEL,453867
2013,Sem Informação,CAMINHAO,44844
2013,Sem Informação,CAMINHAO TRATOR,7875
2013,Sem Informação,CAMINHONETE,69968
2013,Sem Informação,CAMIONETA,59899
2013,Sem Informação,MICROONIBUS,3469
2013,Sem Informação,MOTOCICLETA,686426
2013,Sem Informação,MOTONETA,215776
2013,Sem Informação,ONIBUS,5798
2013,Sem Informação,UTILITARIO,7029
2013,TOCANTINS,AUTOMOVEL,150527
2013,TOCANTINS,CAMINHAO,20369
2013,TOCANTINS,CAMINHAO TRATOR,3660
2013,TOCANTINS,CAMINHONETE,36325
2013,TOCANTINS,CAMIONETA,16704
2013,TOCANTINS,MICROONIBUS,1330
2013,TOCANTINS,MOTOCICLETA,177192
2013,TOCANTINS,MOTONETA,70681
2013,TOCANTINS,ONIBUS,4297
2013,TOCANTINS,UTILITARIO,1924
2014,ACRE,AUTOMOVEL,69550
2014,ACRE,CAMINHAO,6376
2014,ACRE,CAMINHAO TRATOR,621
2014,ACRE,CAMINHONETE,17403
2014,ACRE,CAMIONETA,6062
2014,ACRE,MICROONIBUS,299
2014,ACRE,MOTOCICLETA,89955
2014,ACRE,MOTONETA,17578
2014,ACRE,ONIBUS,950
2014,ACRE,UTILITARIO,875
2014,ALAGOAS,AUTOMOVEL,285899
2014,ALAGOAS,CAMINHAO,19230
2014,ALAGOAS,CAMINHAO TRATOR,2182
2014,ALAGOAS,CAMINHONETE,36442
2014,ALAGOAS,CAMIONETA,21939
2014,ALAGOAS,MICROONIBUS,5612
2014,ALAGOAS,MOTOCICLETA,210278
2014,ALAGOAS,MOTONETA,30928
2014,ALAGOAS,ONIBUS,6320
2014,ALAGOAS,UTILITARIO,3797
2014,AMAPA,AUTOMOVEL,66653
2014,AMAPA,CAMINHAO,3683
2014,AMAPA,CAMINHAO TRATOR,288
2014,AMAPA,CAMINHONETE,14822
2014,AMAPA,CAMIONETA,5972
2014,AMAPA,MICROONIBUS,398
2014,AMAPA,MOTOCICLETA,52615
2014,AMAPA,MOTONETA,9056
2014,AMAPA,ONIBUS,997
2014,AMAPA,UTILITARIO,713
2014,AMAZONAS,AUTOMOVEL,334964
2014,AMAZONAS,CAMINHAO,18962
2014,AMAZONAS,CAMINHAO TRATOR,3052
2014,AMAZONAS,CAMINHONETE,64405
2014,AMAZONAS,CAMIONETA,33251
2014,AMAZONAS,MICROONIBUS,3366
2014,AMAZONAS,MOTOCICLETA,193594
2014,AMAZONAS,MOTONETA,43991
2014,AMAZONAS,ONIBUS,8666
2014,AMAZONAS,UTILITARIO,4400
2014,BAHIA,AUTOMOVEL,1468653
2014,BAHIA,CAMINHAO,107485
2014,BAHIA,CAMINHAO TRATOR,18662
2014,BAHIA,CAMINHONETE,253573
2014,BAHIA,CAMIONETA,98684
2014,BAHIA,MICROONIBUS,24805
2014,BAHIA,MOTOCICLETA,1044280
2014,BAHIA,MOTONETA,146638
2014,BAHIA,ONIBUS,34970
2014,BAHIA,UTILITARIO,18439
2014,CEARA,AUTOMOVEL,909277
2014,CEARA,CAMINHAO,62370
2014,CEARA,CAMINHAO TRATOR,7130
2014,CEARA,CAMINHONETE,127443
2014,CEARA,CAMIONETA,73437
2014,CEARA,MICROONIBUS,10303
2014,CEARA,MOTOCICLETA,1085989
2014,CEARA,MOTONETA,124646
2014,CEARA,ONIBUS,14024
2014,CEARA,UTILITARIO,20238
2014,DISTRITO FEDERAL,AUTOMOVEL,1116718
2014,DISTRITO FEDERAL,CAMINHAO,21939
2014,DISTRITO FEDERAL,CAMINHAO TRATOR,3093
2014,DISTRITO FEDERAL,CAMINHONETE,91225
2014,DISTRITO FEDERAL,CAMIONETA,76632
2014,DISTRITO FEDERAL,MICROONIBUS,5063
2014,DISTRITO FEDERAL,MOTOCICLETA,158328
2014,DISTRITO FEDERAL,MOTONETA,15225
2014,DISTRITO FEDERAL,ONIBUS,11673
2014,DISTRITO FEDERAL,UTILITARIO,16839
2014,ESPIRITO SANTO,AUTOMOVEL,809346
2014,ESPIRITO SANTO,CAMINHAO,65501
2014,ESPIRITO SANTO,CAMINHAO TRATOR,17365
2014,ESPIRITO SANTO,CAMINHONETE,115042
2014,ESPIRITO SANTO,CAMIONETA,72618
2014,ESPIRITO SANTO,MICROONIBUS,7051
2014,ESPIRITO SANTO,MOTOCICLETA,382443
2014,ESPIRITO SANTO,MOTONETA,87380
2014,ESPIRITO SANTO,ONIBUS,13643
2014,ESPIRITO SANTO,UTILITARIO,11486
2014,GOIAS,AUTOMOVEL,1551029
2014,GOIAS,CAMINHAO,100094
2014,GOIAS,CAMINHAO TRATOR,26697
2014,GOIAS,CAMINHONETE,300133
2014,GOIAS,CAMIONETA,68390
2014,GOIAS,MICROONIBUS,8207
2014,GOIAS,MOTOCICLETA,760535
2014,GOIAS,MOTONETA,227962
2014,GOIAS,ONIBUS,19762
2014,GOIAS,UTILITARIO,15155
2014,MARANHAO,AUTOMOVEL,348203
2014,MARANHAO,CAMINHAO,34094
2014,MARANHAO,CAMINHAO TRATOR,3188
2014,MARANHAO,CAMINHONETE,81922
2014,MARANHAO,CAMIONETA,23872
2014,MARANHAO,MICROONIBUS,4186
2014,MARANHAO,MOTOCICLETA,645943
2014,MARANHAO,MOTONETA,103232
2014,MARANHAO,ONIBUS,7191
2014,MARANHAO,UTILITARIO,6270
2014,MATO GROSSO,AUTOMOVEL,563563
2014,MATO GROSSO,CAMINHAO,60210
2014,MATO GROSSO,CAMINHAO TRATOR,27916
2014,MATO GROSSO,CAMINHONETE,164930
2014,MATO GROSSO,CAMIONETA,31219
2014,MATO GROSSO,MICROONIBUS,2919
2014,MATO GROSSO,MOTOCICLETA,510731
2014,MATO GROSSO,MOTONETA,168732
2014,MATO GROSSO,ONIBUS,9941
2014,MATO GROSSO,UTILITARIO,8825
2014,MATO GROSSO DO SUL,AUTOMOVEL,599360
2014,MATO GROSSO DO SUL,CAMINHAO,45304
2014,MATO GROSSO DO SUL,CAMINHAO TRATOR,14180
2014,MATO GROSSO DO SUL,CAMINHONETE,128204
2014,MATO GROSSO DO SUL,CAMIONETA,24874
2014,MATO GROSSO DO SUL,MICROONIBUS,3190
2014,MATO GROSSO DO SUL,MOTOCICLETA,319613
2014,MATO GROSSO DO SUL,MOTONETA,91738
2014,MATO GROSSO DO SUL,ONIBUS,8451
2014,MATO GROSSO DO SUL,UTILITARIO,7392
2014,MINAS GERAIS,AUTOMOVEL,5039851
2014,MINAS GERAIS,CAMINHAO,302213
2014,MINAS GERAIS,CAMINHAO TRATOR,60524
2014,MINAS GERAIS,CAMINHONETE,723099
2014,MINAS GERAIS,CAMIONETA,226213
2014,MINAS GERAIS,MICROONIBUS,40187
2014,MINAS GERAIS,MOTOCICLETA,2150843
2014,MINAS GERAIS,MOTONETA,235417
2014,MINAS GERAIS,ONIBUS,68778
2014,MINAS GERAIS,UTILITARIO,39270
2014,PARA,AUTOMOVEL,470750
2014,PARA,CAMINHAO,51223
2014,PARA,CAMINHAO TRATOR,6505
2014,PARA,CAMINHONETE,103081
2014,PARA,CAMIONETA,34091
2014,PARA,MICROONIBUS,5967
2014,PARA,MOTOCICLETA,630767
2014,PARA,MOTONETA,139685
2014,PARA,ONIBUS,15208
2014,PARA,UTILITARIO,9572
2014,PARAIBA,AUTOMOVEL,421686
2014,PARAIBA,CAMINHAO,26162
2014,PARAIBA,CAMINHAO TRATOR,2467
2014,PARAIBA,CAMINHONETE,53489
2014,PARAIBA,CAMIONETA,31843
2014,PARAIBA,MICROONIBUS,4093
2014,PARAIBA,MOTOCICLETA,381731
2014,PARAIBA,MOTONETA,53665
2014,PARAIBA,ONIBUS,6716
2014,PARAIBA,UTILITARIO,5860
2014,PARANA,AUTOMOVEL,3827423
2014,PARANA,CAMINHAO,244893
2014,PARANA,CAMINHAO TRATOR,85251
2014,PARANA,CAMINHONETE,486231
2014,PARANA,CAMIONETA,235967
2014,PARANA,MICROONIBUS,19814
2014,PARANA,MOTOCICLETA,1016786
2014,PARANA,MOTONETA,251486
2014,PARANA,ONIBUS,36772
2014,PARANA,UTILITARIO,35710
2014,PERNAMBUCO,AUTOMOVEL,1124352
2014,PERNAMBUCO,CAMINHAO,84819
2014,PERNAMBUCO,CAMINHAO TRATOR,10918
2014,PERNAMBUCO,CAMINHONETE,128136
2014,PERNAMBUCO,CAMIONETA,89518
2014,PERNAMBUCO,MICROONIBUS,16033
2014,PERNAMBUCO,MOTOCICLETA,862077
2014,PERNAMBUCO,MOTONETA,85508
2014,PERNAMBUCO,ONIBUS,18217
2014,PERNAMBUCO,UTILITARIO,12496
2014,PIAUI,AUTOMOVEL,261774
2014,PIAUI,CAMINHAO,23633
2014,PIAUI,CAMINHAO TRATOR,2122
2014,PIAUI,CAMINHONETE,51800
2014,PIAUI,CAMIONETA,28713
2014,PIAUI,MICROONIBUS,2670
2014,PIAUI,MOTOCICLETA,432092
2014,PIAUI,MOTONETA,75180
2014,PIAUI,ONIBUS,5690
2014,PIAUI,UTILITARIO,3705
2014,RIO DE JANEIRO,AUTOMOVEL,3932617
2014,RIO DE JANEIRO,CAMINHAO,134053
2014,RIO DE JANEIRO,CAMINHAO TRATOR,16199
2014,RIO DE JANEIRO,CAMINHONETE,237128
2014,RIO DE JANEIRO,CAMIONETA,295330
2014,RIO DE JANEIRO,MICROONIBUS,36740
2014,RIO DE JANEIRO,MOTOCICLETA,777905
2014,RIO DE JANEIRO,MOTONETA,137479
2014,RIO DE JANEIRO,ONIBUS,44648
2014,RIO DE JANEIRO,UTILITARIO,38440
2014,RIO GRANDE DO NORTE,AUTOMOVEL,443434
2014,RIO GRANDE DO NORTE,CAMINHAO,28096
2014,RIO GRANDE DO NORTE,CAMINHAO TRATOR,2736
2014,RIO GRANDE DO NORTE,CAMINHONETE,57733
2014,RIO GRANDE DO NORTE,CAMIONETA,32526
2014,RIO GRANDE DO NORTE,MICROONIBUS,4411
2014,RIO GRANDE DO NORTE,MOTOCICLETA,353642
2014,RIO GRANDE DO NORTE,MOTONETA,47985
2014,RIO GRANDE DO NORTE,ONIBUS,6033
2014,RIO GRANDE DO NORTE,UTILITARIO,9837
2014,RIO GRANDE DO SUL,AUTOMOVEL,3685777
2014,RIO GRANDE DO SUL,CAMINHAO,207098
2014,RIO GRANDE DO SUL,CAMINHAO TRATOR,55478
2014,RIO GRANDE DO SUL,CAMINHONETE,369622
2014,RIO GRANDE DO SUL,CAMIONETA,243841
2014,RIO GRANDE DO SUL,MICROONIBUS,18201
2014,RIO GRANDE DO SUL,MOTOCICLETA,964227
2014,RIO GRANDE DO SUL,MOTONETA,167914
2014,RIO GRANDE DO SUL,ONIBUS,37832
2014,RIO GRANDE DO SUL,UTILITARIO,32996
2014,RONDONIA,AUTOMOVEL,220891
2014,RONDONIA,CAMINHAO,27177
2014,RONDONIA,CAMINHAO TRATOR,5421
2014,RONDONIA,CAMINHONETE,60184
2014,RONDONIA,CAMIONETA,17967
2014,RONDONIA,MICROONIBUS,1027
2014,RONDONIA,MOTOCICLETA,330735
2014,RONDONIA,MOTONETA,95023
2014,RONDONIA,ONIBUS,4976
2014,RONDONIA,UTILITARIO,2256
2014,RORAIMA,AUTOMOVEL,55715
2014,RORAIMA,CAMINHAO,3892
2014,RORAIMA,CAMINHAO TRATOR,537
2014,RORAIMA,CAMINHONETE,14783
2014,RORAIMA,CAMIONETA,8180
2014,RORAIMA,MICROONIBUS,599
2014,RORAIMA,MOTOCICLETA,67347
2014,RORAIMA,MOTONETA,15940
2014,RORAIMA,ONIBUS,850
2014,RORAIMA,UTILITARIO,830
2014,SANTA CATARINA,AUTOMOVEL,2475418
2014,SANTA CATARINA,CAMINHAO,138924
2014,SANTA CATARINA,CAMINHAO TRATOR,48850
2014,SANTA CATARINA,CAMINHONETE,223850
2014,SANTA CATARINA,CAMIONETA,203647
2014,SANTA CATARINA,MICROONIBUS,10848
2014,SANTA CATARINA,MOTOCICLETA,771286
2014,SANTA CATARINA,MOTONETA,238093
2014,SANTA CATARINA,ONIBUS,17361
2014,SANTA CATARINA,UTILITARIO,29379
2014,SAO PAULO,AUTOMOVEL,15964014
2014,SAO PAULO,CAMINHAO,635180
2014,SAO PAULO,CAMINHAO TRATOR,162916
2014,SAO PAULO,CAMINHONETE,1323569
2014,SAO PAULO,CAMIONETA,1226221
2014,SAO PAULO,MICROONIBUS,107657
2014,SAO PAULO,MOTOCICLETA,4021583
2014,SAO PAULO,MOTONETA,722166
2014,SAO PAULO,ONIBUS,149290
2014,SAO PAULO,UTILITARIO,159851
2014,SERGIPE,AUTOMOVEL,270897
2014,SERGIPE,CAMINHAO,19382
2014,SERGIPE,CAMINHAO TRATOR,2037
2014,SERGIPE,CAMINHONETE,33331
2014,SERGIPE,CAMIONETA,10984
2014,SERGIPE,MICROONIBUS,3187
2014,SERGIPE,MOTOCICLETA,198391
2014,SERGIPE,MOTONETA,34127
2014,SERGIPE,ONIBUS,5928
2014,SERGIPE,UTILITARIO,3075
2014,Sem Informação,AUTOMOVEL,407652
2014,Sem Informação,CAMINHAO,43560
2014,Sem Informação,CAMINHAO TRATOR,6918
2014,Sem Informação,CAMINHONETE,59331
2014,Sem Informação,CAMIONETA,54730
2014,Sem Informação,MICROONIBUS,3444
2014,Sem Informação,MOTOCICLETA,672776
2014,Sem Informação,MOTONETA,224953
2014,Sem Informação,ONIBUS,5583
2014,Sem Informação,UTILITARIO,6065
2014,TOCANTINS,AUTOMOVEL,165250
2014,TOCANTINS,CAMINHAO,20829
2014,TOCANTINS,CAMINHAO TRATOR,4024
2014,TOCANTINS,CAMINHONETE,41521
2014,TOCANTINS,CAMIONETA,16873
2014,TOCANTINS,MICROONIBUS,1424
2014,TOCANTINS,MOTOCICLETA,190311
2014,TOCANTINS,MOTONETA,76912
2014,TOCANTINS,ONIBUS,4817
2014,TOCANTINS,UTILITARIO,2274
2015,ACRE,AUTOMOVEL,75235
2015,ACRE,CAMINHAO,6709
2015,ACRE,CAMINHAO TRATOR,708
2015,ACRE,CAMINHONETE,19694
2015,ACRE,CAMIONETA,6138
2015,ACRE,MICROONIBUS,325
2015,ACRE,MOTOCICLETA,97482
2015,ACRE,MOTONETA,19474
2015,ACRE,ONIBUS,1036
2015,ACRE,UTILITARIO,998
2015,ALAGOAS,AUTOMOVEL,305661
2015,ALAGOAS,CAMINHAO,19966
2015,ALAGOAS,CAMINHAO TRATOR,2295
2015,ALAGOAS,CAMINHONETE,40272
2015,ALAGOAS,CAMIONETA,22926
2015,ALAGOAS,MICROONIBUS,6001
2015,ALAGOAS,MOTOCICLETA,233103
2015,ALAGOAS,MOTONETA,33912
2015,ALAGOAS,ONIBUS,6673
2015,ALAGOAS,UTILITARIO,4380
2015,AMAPA,AUTOMOVEL,71370
2015,AMAPA,CAMINHAO,3876
2015,AMAPA,CAMINHAO TRATOR,310
2015,AMAPA,CAMINHONETE,16366
2015,AMAPA,CAMIONETA,6104
2015,AMAPA,MICROONIBUS,418
2015,AMAPA,MOTOCICLETA,56268
2015,AMAPA,MOTONETA,9935
2015,AMAPA,ONIBUS,1139
2015,AMAPA,UTILITARIO,753
2015,AMAZONAS,AUTOMOVEL,353384
2015,AMAZONAS,CAMINHAO,19519
2015,AMAZONAS,CAMINHAO TRATOR,3179
2015,AMAZONAS,CAMINHONETE,70541
2015,AMAZONAS,CAMIONETA,33952
2015,AMAZONAS,MICROONIBUS,3487
2015,AMAZONAS,MOTOCICLETA,214012
2015,AMAZONAS,MOTONETA,48274
2015,AMAZONAS,ONIBUS,8796
2015,AMAZONAS,UTILITARIO,4775
2015,BAHIA,AUTOMOVEL,1573348
2015,BAHIA,CAMINHAO,111327
2015,BAHIA,CAMINHAO TRATOR,19768
2015,BAHIA,CAMINHONETE,278340
2015,BAHIA,CAMIONETA,105539
2015,BAHIA,MICROONIBUS,26155
2015,BAHIA,MOTOCICLETA,1122775
2015,BAHIA,MOTONETA,161805
2015,BAHIA,ONIBUS,36812
2015,BAHIA,UTILITARIO,21012
2015,CEARA,AUTOMOVEL,980188
2015,CEARA,CAMINHAO,66034
2015,CEARA,CAMINHAO TRATOR,7655
2015,CEARA,CAMINHONETE,143148
2015,CEARA,CAMIONETA,74937
2015,CEARA,MICROONIBUS,11118
2015,CEARA,MOTOCICLETA,1178686
2015,CEARA,MOTONETA,137222
2015,CEARA,ONIBUS,15175
2015,CEARA,UTILITARIO,22892
2015,DISTRITO FEDERAL,AUTOMOVEL,1160315
2015,DISTRITO FEDERAL,CAMINHAO,22758
2015,DISTRITO FEDERAL,CAMINHAO TRATOR,3218
2015,DISTRITO FEDERAL,CAMINHONETE,98037
2015,DISTRITO FEDERAL,CAMIONETA,81812
2015,DISTRITO FEDERAL,MICROONIBUS,5272
2015,DISTRITO FEDERAL,MOTOCICLETA,166974
2015,DISTRITO FEDERAL,MOTONETA,16636
2015,DISTRITO FEDERAL,ONIBUS,11810
2015,DISTRITO FEDERAL,UTILITARIO,19124
2015,ESPIRITO SANTO,AUTOMOVEL,850772
2015,ESPIRITO SANTO,CAMINHAO,68267
2015,ESPIRITO SANTO,CAMINHAO TRATOR,17832
2015,ESPIRITO SANTO,CAMINHONETE,126679
2015,ESPIRITO SANTO,CAMIONETA,74741
2015,ESPIRITO SANTO,MICROONIBUS,7482
2015,ESPIRITO SANTO,MOTOCICLETA,400842
2015,ESPIRITO SANTO,MOTONETA,93757
2015,ESPIRITO SANTO,ONIBUS,14594
2015,ESPIRITO SANTO,UTILITARIO,13286
2015,GOIAS,AUTOMOVEL,1639510
2015,GOIAS,CAMINHAO,104047
2015,GOIAS,CAMINHAO TRATOR,28056
2015,GOIAS,CAMINHONETE,320953
2015,GOIAS,CAMIONETA,74239
2015,GOIAS,MICROONIBUS,8823
2015,GOIAS,MOTOCICLETA,793728
2015,GOIAS,MOTONETA,244421
2015,GOIAS,ONIBUS,20685
2015,GOIAS,UTILITARIO,17668
2015,MARANHAO,AUTOMOVEL,372853
2015,MARANHAO,CAMINHAO,36437
2015,MARANHAO,CAMINHAO TRATOR,3693
2015,MARANHAO,CAMINHONETE,90881
2015,MARANHAO,CAMIONETA,25290
2015,MARANHAO,MICROONIBUS,4374
2015,MARANHAO,MOTOCICLETA,714304
2015,MARANHAO,MOTONETA,118302
2015,MARANHAO,ONIBUS,7826
2015,MARANHAO,UTILITARIO,7016
2015,MATO GROSSO,AUTOMOVEL,604210
2015,MATO GROSSO,CAMINHAO,63530
2015,MATO GROSSO,CAMINHAO TRATOR,29286
2015,MATO GROSSO,CAMINHONETE,180497
2015,MATO GROSSO,CAMIONETA,33963
2015,MATO GROSSO,MICROONIBUS,3140
2015,MATO GROSSO,MOTOCICLETA,542169
2015,MATO GROSSO,MOTONETA,185677
2015,MATO GROSSO,ONIBUS,10637
2015,MATO GROSSO,UTILITARIO,10294
2015,MATO GROSSO DO SUL,AUTOMOVEL,637279
2015,MATO GROSSO DO SUL,CAMINHAO,47113
2015,MATO GROSSO DO SUL,CAMINHAO TRATOR,14985
2015,MATO GROSSO DO SUL,CAMINHONETE,139048
2015,MATO GROSSO DO SUL,CAMIONETA,26903
2015,MATO GROSSO DO SUL,MICROONIBUS,3370
2015,MATO GROSSO DO SUL,MOTOCICLETA,333637
2015,MATO GROSSO DO SUL,MOTONETA,98008
2015,MATO GROSSO DO SUL,ONIBUS,8884
2015,MATO GROSSO DO SUL,UTILITARIO,8645
2015,MINAS GERAIS,AUTOMOVEL,5297454
2015,MINAS GERAIS,CAMINHAO,312466
2015,MINAS GERAIS,CAMINHAO TRATOR,63803
2015,MINAS GERAIS,CAMINHONETE,780574
2015,MINAS GERAIS,CAMIONETA,244680
2015,MINAS GERAIS,MICROONIBUS,42366
2015,MINAS GERAIS,MOTOCICLETA,2251966
2015,MINAS GERAIS,MOTONETA,252864
2015,MINAS GERAIS,ONIBUS,70828
2015,MINAS GERAIS,UTILITARIO,45936
2015,PARA,AUTOMOVEL,507188
2015,PARA,CAMINHAO,54654
2015,PARA,CAMINHAO TRATOR,7255
2015,PARA,CAMINHONETE,115314
2015,PARA,CAMIONETA,36198
2015,PARA,MICROONIBUS,6238
2015,PARA,MOTOCICLETA,702424
2015,PARA,MOTONETA,156233
2015,PARA,ONIBUS,16566
2015,PARA,UTILITARIO,10640
2015,PARAIBA,AUTOMOVEL,451749
2015,PARAIBA,CAMINHAO,27413
2015,PARAIBA,CAMINHAO TRATOR,2643
2015,PARAIBA,CAMINHONETE,59832
2015,PARAIBA,CAMIONETA,33037
2015,PARAIBA,MICROONIBUS,4301
2015,PARAIBA,MOTOCICLETA,411427
2015,PARAIBA,MOTONETA,57949
2015,PARAIBA,ONIBUS,6909
2015,PARAIBA,UTILITARIO,6778
2015,PARANA,AUTOMOVEL,4012281
2015,PARANA,CAMINHAO,252390
2015,PARANA,CAMINHAO TRATOR,87529
2015,PARANA,CAMINHONETE,531301
2015,PARANA,CAMIONETA,246155
2015,PARANA,MICROONIBUS,20988
2015,PARANA,MOTOCICLETA,1049871
2015,PARANA,MOTONETA,263335
2015,PARANA,ONIBUS,38510
2015,PARANA,UTILITARIO,41216
2015,PERNAMBUCO,AUTOMOVEL,1185766
2015,PERNAMBUCO,CAMINHAO,88576
2015,PERNAMBUCO,CAMINHAO TRATOR,11437
2015,PERNAMBUCO,CAMINHONETE,141649
2015,PERNAMBUCO,CAMIONETA,93066
2015,PERNAMBUCO,MICROONIBUS,17280
2015,PERNAMBUCO,MOTOCICLETA,920238
2015,PERNAMBUCO,MOTONETA,92069
2015,PERNAMBUCO,ONIBUS,18921
2015,PERNAMBUCO,UTILITARIO,14501
2015,PIAUI,AUTOMOVEL,287823
2015,PIAUI,CAMINHAO,25255
2015,PIAUI,CAMINHAO TRATOR,2340
2015,PIAUI,CAMINHONETE,59539
2015,PIAUI,CAMIONETA,29571
2015,PIAUI,MICROONIBUS,2971
2015,PIAUI,MOTOCICLETA,470504
2015,PIAUI,MOTONETA,83098
2015,PIAUI,ONIBUS,6151
2015,PIAUI,UTILITARIO,4517
2015,RIO DE JANEIRO,AUTOMOVEL,4116128
2015,RIO DE JANEIRO,CAMINHAO,138977
2015,RIO DE JANEIRO,CAMINHAO TRATOR,16910
2015,RIO DE JANEIRO,CAMINHONETE,260107
2015,RIO DE JANEIRO,CAMIONETA,310526
2015,RIO DE JANEIRO,MICROONIBUS,37956
2015,RIO DE JANEIRO,MOTOCICLETA,834722
2015,RIO DE JANEIRO,MOTONETA,148358
2015,RIO DE JANEIRO,ONIBUS,46437
2015,RIO DE JANEIRO,UTILITARIO,44397
2015,RIO GRANDE DO NORTE,AUTOMOVEL,473922
2015,RIO GRANDE DO NORTE,CAMINHAO,29599
2015,RIO GRANDE DO NORTE,CAMINHAO TRATOR,2935
2015,RIO GRANDE DO NORTE,CAMINHONETE,64159
2015,RIO GRANDE DO NORTE,CAMIONETA,34082
2015,RIO GRANDE DO NORTE,MICROONIBUS,4620
2015,RIO GRANDE DO NORTE,MOTOCICLETA,378544
2015,RIO GRANDE DO NORTE,MOTONETA,51441
2015,RIO GRANDE DO NORTE,ONIBUS,6388
2015,RIO GRANDE DO NORTE,UTILITARIO,11207
2015,RIO GRANDE DO SUL,AUTOMOVEL,3861582
2015,RIO GRANDE DO SUL,CAMINHAO,213623
2015,RIO GRANDE DO SUL,CAMINHAO TRATOR,57412
2015,RIO GRANDE DO SUL,CAMINHONETE,406975
2015,RIO GRANDE DO SUL,CAMIONETA,258551
2015,RIO GRANDE DO SUL,MICROONIBUS,18998
2015,RIO GRANDE DO SUL,MOTOCICLETA,993908
2015,RIO GRANDE DO SUL,MOTONETA,174978
2015,RIO GRANDE DO SUL,ONIBUS,39203
2015,RIO GRANDE DO SUL,UTILITARIO,38524
2015,RONDONIA,AUTOMOVEL,237557
2015,RONDONIA,CAMINHAO,28597
2015,RONDONIA,CAMINHAO TRATOR,5755
2015,RONDONIA,CAMINHONETE,67541
2015,RONDONIA,CAMIONETA,18314
2015,RONDONIA,MICROONIBUS,1100
2015,RONDONIA,MOTOCICLETA,350351
2015,RONDONIA,MOTONETA,102756
2015,RONDONIA,ONIBUS,5252
2015,RONDONIA,UTILITARIO,2519
2015,RORAIMA,AUTOMOVEL,60604
2015,RORAIMA,CAMINHAO,4177
2015,RORAIMA,CAMINHAO TRATOR,587
2015,RORAIMA,CAMINHONETE,16771
2015,RORAIMA,CAMIONETA,8387
2015,RORAIMA,MICROONIBUS,629
2015,RORAIMA,MOTOCICLETA,71564
2015,RORAIMA,MOTONETA,17271
2015,RORAIMA,ONIBUS,930
2015,RORAIMA,UTILITARIO,934
2015,SANTA CATARINA,AUTOMOVEL,2593564
2015,SANTA CATARINA,CAMINHAO,142932
2015,SANTA CATARINA,CAMINHAO TRATOR,50634
2015,SANTA CATARINA,CAMINHONETE,250676
2015,SANTA CATARINA,CAMIONETA,214795
2015,SANTA CATARINA,MICROONIBUS,11420
2015,SANTA CATARINA,MOTOCICLETA,798221
2015,SANTA CATARINA,MOTONETA,249960
2015,SANTA CATARINA,ONIBUS,18087
2015,SANTA CATARINA,UTILITARIO,34852
2015,SAO PAULO,AUTOMOVEL,16579273
2015,SAO PAULO,CAMINHAO,647216
2015,SAO PAULO,CAMINHAO TRATOR,168994
2015,SAO PAULO,CAMINHONETE,1433235
2015,SAO PAULO,CAMIONETA,1274332
2015,SAO PAULO,MICROONIBUS,112207
2015,SAO PAULO,MOTOCICLETA,4166256
2015,SAO PAULO,MOTONETA,773927
2015,SAO PAULO,ONIBUS,153836
2015,SAO PAULO,UTILITARIO,184904
2015,SERGIPE,AUTOMOVEL,289351
2015,SERGIPE,CAMINHAO,20324
2015,SERGIPE,CAMINHAO TRATOR,2254
2015,SERGIPE,CAMINHONETE,36767
2015,SERGIPE,CAMIONETA,12048
2015,SERGIPE,MICROONIBUS,3351
2015,SERGIPE,MOTOCICLETA,213154
2015,SERGIPE,MOTONETA,36781
2015,SERGIPE,ONIBUS,6302
2015,SERGIPE,UTILITARIO,3465
2015,Sem Informação,AUTOMOVEL,338088
2015,Sem Informação,CAMINHAO,33570
2015,Sem Informação,CAMINHAO TRATOR,4137
2015,Sem Informação,CAMINHONETE,53071
2015,Sem Informação,CAMIONETA,52412
2015,Sem Informação,MICROONIBUS,2807
2015,Sem Informação,MOTOCICLETA,689649
2015,Sem Informação,MOTONETA,230601
2015,Sem Informação,ONIBUS,4134
2015,Sem Informação,UTILITARIO,6733
2015,TOCANTINS,AUTOMOVEL,179838
2015,TOCANTINS,CAMINHAO,21768
2015,TOCANTINS,CAMINHAO TRATOR,4510
2015,TOCANTINS,CAMINHONETE,46791
2015,TOCANTINS,CAMIONETA,17274
2015,TOCANTINS,MICROONIBUS,1516
2015,TOCANTINS,MOTOCICLETA,202889
2015,TOCANTINS,MOTONETA,82809
2015,TOCANTINS,ONIBUS,5119
2015,TOCANTINS,UTILITARIO,2602
2016,ACRE,AUTOMOVEL,78954
2016,ACRE,CAMINHAO,6867
2016,ACRE,CAMINHAO TRATOR,784
2016,ACRE,CAMINHONETE,21142
2016,ACRE,CAMIONETA,6189
2016,ACRE,MICROONIBUS,339
2016,ACRE,MOTOCICLETA,103581
2016,ACRE,MOTONETA,20934
2016,ACRE,ONIBUS,1039
2016,ACRE,UTILITARIO,1089
2016,ALAGOAS,AUTOMOVEL,319540
2016,ALAGOAS,CAMINHAO,20305
2016,ALAGOAS,CAMINHAO TRATOR,2346
2016,ALAGOAS,CAMINHONETE,42473
2016,ALAGOAS,CAMIONETA,23885
2016,ALAGOAS,MICROONIBUS,6134
2016,ALAGOAS,MOTOCICLETA,250884
2016,ALAGOAS,MOTONETA,35983
2016,ALAGOAS,ONIBUS,7050
2016,ALAGOAS,UTILITARIO,4864
2016,AMAPA,AUTOMOVEL,73736
2016,AMAPA,CAMINHAO,3949
2016,AMAPA,CAMINHAO TRATOR,323
2016,AMAPA,CAMINHONETE,17266
2016,AMAPA,CAMIONETA,6211
2016,AMAPA,MICROONIBUS,425
2016,AMAPA,MOTOCICLETA,59051
2016,AMAPA,MOTONETA,10598
2016,AMAPA,ONIBUS,1208
2016,AMAPA,UTILITARIO,811
2016,AMAZONAS,AUTOMOVEL,363774
2016,AMAZONAS,CAMINHAO,19597
2016,AMAZONAS,CAMINHAO TRATOR,3213
2016,AMAZONAS,CAMINHONETE,73190
2016,AMAZONAS,CAMIONETA,34365
2016,AMAZONAS,MICROONIBUS,3509
2016,AMAZONAS,MOTOCICLETA,227583
2016,AMAZONAS,MOTONETA,50992
2016,AMAZONAS,ONIBUS,8734
2016,AMAZONAS,UTILITARIO,4790
2016,BAHIA,AUTOMOVEL,1649427
2016,BAHIA,CAMINHAO,113532
2016,BAHIA,CAMINHAO TRATOR,20261
2016,BAHIA,CAMINHONETE,296578
2016,BAHIA,CAMIONETA,112345
2016,BAHIA,MICROONIBUS,27242
2016,BAHIA,MOTOCICLETA,1182475
2016,BAHIA,MOTONETA,172094
2016,BAHIA,ONIBUS,37974
2016,BAHIA,UTILITARIO,23461
2016,CEARA,AUTOMOVEL,1029820
2016,CEARA,CAMINHAO,68798
2016,CEARA,CAMINHAO TRATOR,8032
2016,CEARA,CAMINHONETE,153230
2016,CEARA,CAMIONETA,76612
2016,CEARA,MICROONIBUS,11611
2016,CEARA,MOTOCICLETA,1250768
2016,CEARA,MOTONETA,146644
2016,CEARA,ONIBUS,16039
2016,CEARA,UTILITARIO,25338
2016,DISTRITO FEDERAL,AUTOMOVEL,1191791
2016,DISTRITO FEDERAL,CAMINHAO,23226
2016,DISTRITO FEDERAL,CAMINHAO TRATOR,3198
2016,DISTRITO FEDERAL,CAMINHONETE,102224
2016,DISTRITO FEDERAL,CAMIONETA,87127
2016,DISTRITO FEDERAL,MICROONIBUS,5403
2016,DISTRITO FEDERAL,MOTOCICLETA,174090
2016,DISTRITO FEDERAL,MOTONETA,17505
2016,DISTRITO FEDERAL,ONIBUS,12029
2016,DISTRITO FEDERAL,UTILITARIO,21411
2016,ESPIRITO SANTO,AUTOMOVEL,877975
2016,ESPIRITO SANTO,CAMINHAO,69592
2016,ESPIRITO SANTO,CAMINHAO TRATOR,17720
2016,ESPIRITO SANTO,CAMINHONETE,133573
2016,ESPIRITO SANTO,CAMIONETA,76526
2016,ESPIRITO SANTO,MICROONIBUS,7746
2016,ESPIRITO SANTO,MOTOCICLETA,414720
2016,ESPIRITO SANTO,MOTONETA,98115
2016,ESPIRITO SANTO,ONIBUS,14431
2016,ESPIRITO SANTO,UTILITARIO,15124
2016,GOIAS,AUTOMOVEL,1697507
2016,GOIAS,CAMINHAO,106101
2016,GOIAS,CAMINHAO TRATOR,29065
2016,GOIAS,CAMINHONETE,332135
2016,GOIAS,CAMIONETA,79260
2016,GOIAS,MICROONIBUS,9138
2016,GOIAS,MOTOCICLETA,820091
2016,GOIAS,MOTONETA,256106
2016,GOIAS,ONIBUS,21552
2016,GOIAS,UTILITARIO,19851
2016,MARANHAO,AUTOMOVEL,390442
2016,MARANHAO,CAMINHAO,38084
2016,MARANHAO,CAMINHAO TRATOR,4093
2016,MARANHAO,CAMINHONETE,97264
2016,MARANHAO,CAMIONETA,26530
2016,MARANHAO,MICROONIBUS,4605
2016,MARANHAO,MOTOCICLETA,768315
2016,MARANHAO,MOTONETA,129578
2016,MARANHAO,ONIBUS,8220
2016,MARANHAO,UTILITARIO,7837
2016,MATO GROSSO,AUTOMOVEL,633719
2016,MATO GROSSO,CAMINHAO,65260
2016,MATO GROSSO,CAMINHAO TRATOR,30186
2016,MATO GROSSO,CAMINHONETE,189414
2016,MATO GROSSO,CAMIONETA,36246
2016,MATO GROSSO,MICROONIBUS,3251
2016,MATO GROSSO,MOTOCICLETA,565276
2016,MATO GROSSO,MOTONETA,197382
2016,MATO GROSSO,ONIBUS,10948
2016,MATO GROSSO,UTILITARIO,11518
2016,MATO GROSSO DO SUL,AUTOMOVEL,664008
2016,MATO GROSSO DO SUL,CAMINHAO,48072
2016,MATO GROSSO DO SUL,CAMINHAO TRATOR,15705
2016,MATO GROSSO DO SUL,CAMINHONETE,146209
2016,MATO GROSSO DO SUL,CAMIONETA,28930
2016,MATO GROSSO DO SUL,MICROONIBUS,3510
2016,MATO GROSSO DO SUL,MOTOCICLETA,344050
2016,MATO GROSSO DO SUL,MOTONETA,102067
2016,MATO GROSSO DO SUL,ONIBUS,9076
2016,MATO GROSSO DO SUL,UTILITARIO,9844
2016,MINAS GERAIS,AUTOMOVEL,5507134
2016,MINAS GERAIS,CAMINHAO,318185
2016,MINAS GERAIS,CAMINHAO TRATOR,65594
2016,MINAS GERAIS,CAMINHONETE,820820
2016,MINAS GERAIS,CAMIONETA,260006
2016,MINAS GERAIS,MICROONIBUS,43731
2016,MINAS GERAIS,MOTOCICLETA,2334128
2016,MINAS GERAIS,MOTONETA,265107
2016,MINAS GERAIS,ONIBUS,71827
2016,MINAS GERAIS,UTILITARIO,52544
2016,PARA,AUTOMOVEL,534186
2016,PARA,CAMINHAO,57076
2016,PARA,CAMINHAO TRATOR,7635
2016,PARA,CAMINHONETE,124009
2016,PARA,CAMIONETA,38081
2016,PARA,MICROONIBUS,6380
2016,PARA,MOTOCICLETA,765834
2016,PARA,MOTONETA,169428
2016,PARA,ONIBUS,17358
2016,PARA,UTILITARIO,11532
2016,PARAIBA,AUTOMOVEL,473597
2016,PARAIBA,CAMINHAO,28084
2016,PARAIBA,CAMINHAO TRATOR,2700
2016,PARAIBA,CAMINHONETE,63894
2016,PARAIBA,CAMIONETA,34432
2016,PARAIBA,MICROONIBUS,4461
2016,PARAIBA,MOTOCICLETA,437296
2016,PARAIBA,MOTONETA,61104
2016,PARAIBA,ONIBUS,7063
2016,PARAIBA,UTILITARIO,7624
2016,PARANA,AUTOMOVEL,4124458
2016,PARANA,CAMINHAO,257046
2016,PARANA,CAMINHAO TRATOR,89340
2016,PARANA,CAMINHONETE,559156
2016,PARANA,CAMIONETA,252592
2016,PARANA,MICROONIBUS,22025
2016,PARANA,MOTOCICLETA,1077115
2016,PARANA,MOTONETA,271454
2016,PARANA,ONIBUS,39815
2016,PARANA,UTILITARIO,45833
2016,PERNAMBUCO,AUTOMOVEL,1224117
2016,PERNAMBUCO,CAMINHAO,90317
2016,PERNAMBUCO,CAMINHAO TRATOR,11798
2016,PERNAMBUCO,CAMINHONETE,148358
2016,PERNAMBUCO,CAMIONETA,96006
2016,PERNAMBUCO,MICROONIBUS,17959
2016,PERNAMBUCO,MOTOCICLETA,960494
2016,PERNAMBUCO,MOTONETA,96281
2016,PERNAMBUCO,ONIBUS,19062
2016,PERNAMBUCO,UTILITARIO,16078
2016,PIAUI,AUTOMOVEL,307436
2016,PIAUI,CAMINHAO,26655
2016,PIAUI,CAMINHAO TRATOR,2461
2016,PIAUI,CAMINHONETE,65665
2016,PIAUI,CAMIONETA,30358
2016,PIAUI,MICROONIBUS,3200
2016,PIAUI,MOTOCICLETA,501619
2016,PIAUI,MOTONETA,88896
2016,PIAUI,ONIBUS,6473
2016,PIAUI,UTILITARIO,5336
2016,RIO DE JANEIRO,AUTOMOVEL,4244586
2016,RIO DE JANEIRO,CAMINHAO,141321
2016,RIO DE JANEIRO,CAMINHAO TRATOR,17372
2016,RIO DE JANEIRO,CAMINHONETE,274152
2016,RIO DE JANEIRO,CAMIONETA,322724
2016,RIO DE JANEIRO,MICROONIBUS,38721
2016,RIO DE JANEIRO,MOTOCICLETA,874898
2016,RIO DE JANEIRO,MOTONETA,154969
2016,RIO DE JANEIRO,ONIBUS,47136
2016,RIO DE JANEIRO,UTILITARIO,49239
2016,RIO GRANDE DO NORTE,AUTOMOVEL,497811
2016,RIO GRANDE DO NORTE,CAMINHAO,30707
2016,RIO GRANDE DO NORTE,CAMINHAO TRATOR,3089
2016,RIO GRANDE DO NORTE,CAMINHONETE,68529
2016,RIO GRANDE DO NORTE,CAMIONETA,35494
2016,RIO GRANDE DO NORTE,MICROONIBUS,4816
2016,RIO GRANDE DO NORTE,MOTOCICLETA,398354
2016,RIO GRANDE DO NORTE,MOTONETA,54261
2016,RIO GRANDE DO NORTE,ONIBUS,6620
2016,RIO GRANDE DO NORTE,UTILITARIO,12325
2016,RIO GRANDE DO SUL,AUTOMOVEL,3983061
2016,RIO GRANDE DO SUL,CAMINHAO,217276
2016,RIO GRANDE DO SUL,CAMINHAO TRATOR,58457
2016,RIO GRANDE DO SUL,CAMINHONETE,431979
2016,RIO GRANDE DO SUL,CAMIONETA,271395
2016,RIO GRANDE DO SUL,MICROONIBUS,19398
2016,RIO GRANDE DO SUL,MOTOCICLETA,1017755
2016,RIO GRANDE DO SUL,MOTONETA,179396
2016,RIO GRANDE DO SUL,ONIBUS,40158
2016,RIO GRANDE DO SUL,UTILITARIO,43715
2016,RONDONIA,AUTOMOVEL,250203
2016,RONDONIA,CAMINHAO,29505
2016,RONDONIA,CAMINHAO TRATOR,6107
2016,RONDONIA,CAMINHONETE,72970
2016,RONDONIA,CAMIONETA,18590
2016,RONDONIA,MICROONIBUS,1156
2016,RONDONIA,MOTOCICLETA,365428
2016,RONDONIA,MOTONETA,108456
2016,RONDONIA,ONIBUS,5618
2016,RONDONIA,UTILITARIO,2758
2016,RORAIMA,AUTOMOVEL,64740
2016,RORAIMA,CAMINHAO,4413
2016,RORAIMA,CAMINHAO TRATOR,659
2016,RORAIMA,CAMINHONETE,18230
2016,RORAIMA,CAMIONETA,8525
2016,RORAIMA,MICROONIBUS,655
2016,RORAIMA,MOTOCICLETA,74621
2016,RORAIMA,MOTONETA,18241
2016,RORAIMA,ONIBUS,996
2016,RORAIMA,UTILITARIO,1012
2016,SANTA CATARINA,AUTOMOVEL,2679308
2016,SANTA CATARINA,CAMINHAO,144739
2016,SANTA CATARINA,CAMINHAO TRATOR,50816
2016,SANTA CATARINA,CAMINHONETE,269128
2016,SANTA CATARINA,CAMIONETA,226006
2016,SANTA CATARINA,MICROONIBUS,11663
2016,SANTA CATARINA,MOTOCICLETA,818514
2016,SANTA CATARINA,MOTONETA,256810
2016,SANTA CATARINA,ONIBUS,18358
2016,SANTA CATARINA,UTILITARIO,40789
2016,SAO PAULO,AUTOMOVEL,17026640
2016,SAO PAULO,CAMINHAO,652665
2016,SAO PAULO,CAMINHAO TRATOR,171784
2016,SAO PAULO,CAMINHONETE,1501089
2016,SAO PAULO,CAMIONETA,1321274
2016,SAO PAULO,MICROONIBUS,114374
2016,SAO PAULO,MOTOCICLETA,4288022
2016,SAO PAULO,MOTONETA,810907
2016,SAO PAULO,ONIBUS,155726
2016,SAO PAULO,UTILITARIO,207875
2016,SERGIPE,AUTOMOVEL,301677
2016,SERGIPE,CAMINHAO,20648
2016,SERGIPE,CAMINHAO TRATOR,2378
2016,SERGIPE,CAMINHONETE,38865
2016,SERGIPE,CAMIONETA,13107
2016,SERGIPE,MICROONIBUS,3436
2016,SERGIPE,MOTOCICLETA,225939
2016,SERGIPE,MOTONETA,38760
2016,SERGIPE,ONIBUS,6519
2016,SERGIPE,UTILITARIO,3726
2016,Sem Informação,AUTOMOVEL,266888
2016,Sem Informação,CAMINHAO,26300
2016,Sem Informação,CAMINHAO TRATOR,3567
2016,Sem Informação,CAMINHONETE,43014
2016,Sem Informação,CAMIONETA,47689
2016,Sem Informação,MICROONIBUS,1786
2016,Sem Informação,MOTOCICLETA,654129
2016,Sem Informação,MOTONETA,206558
2016,Sem Informação,ONIBUS,3783
2016,Sem Informação,UTILITARIO,5991
2016,TOCANTINS,AUTOMOVEL,189860
2016,TOCANTINS,CAMINHAO,22139
2016,TOCANTINS,CAMINHAO TRATOR,4683
2016,TOCANTINS,CAMINHONETE,50294
2016,TOCANTINS,CAMIONETA,17490
2016,TOCANTINS,MICROONIBUS,1534
2016,TOCANTINS,MOTOCICLETA,213950
2016,TOCANTINS,MOTONETA,87509
2016,TOCANTINS,ONIBUS,5319
2016,TOCANTINS,UTILITARIO,2834
2017,ACRE,AUTOMOVEL,81695
2017,ACRE,CAMINHAO,6966
2017,ACRE,CAMINHAO TRATOR,818
2017,ACRE,CAMINHONETE,22457
2017,ACRE,CAMIONETA,6202
2017,ACRE,MICROONIBUS,349
2017,ACRE,MOTOCICLETA,108964
2017,ACRE,MOTONETA,22253
2017,ACRE,ONIBUS,1110
2017,ACRE,UTILITARIO,1171
2017,ALAGOAS,AUTOMOVEL,333175
2017,ALAGOAS,CAMINHAO,20622
2017,ALAGOAS,CAMINHAO TRATOR,2410
2017,ALAGOAS,CAMINHONETE,44908
2017,ALAGOAS,CAMIONETA,24640
2017,ALAGOAS,MICROONIBUS,6339
2017,ALAGOAS,MOTOCICLETA,265956
2017,ALAGOAS,MOTONETA,37536
2017,ALAGOAS,ONIBUS,7256
2017,ALAGOAS,UTILITARIO,5230
2017,AMAPA,AUTOMOVEL,75248
2017,AMAPA,CAMINHAO,3910
2017,AMAPA,CAMINHAO TRATOR,334
2017,AMAPA,CAMINHONETE,17980
2017,AMAPA,CAMIONETA,6274
2017,AMAPA,MICROONIBUS,434
2017,AMAPA,MOTOCICLETA,61402
2017,AMAPA,MOTONETA,11035
2017,AMAPA,ONIBUS,1220
2017,AMAPA,UTILITARIO,835
2017,AMAZONAS,AUTOMOVEL,371232
2017,AMAZONAS,CAMINHAO,19561
2017,AMAZONAS,CAMINHAO TRATOR,3247
2017,AMAZONAS,CAMINHONETE,75155
2017,AMAZONAS,CAMIONETA,34346
2017,AMAZONAS,MICROONIBUS,3546
2017,AMAZONAS,MOTOCICLETA,238526
2017,AMAZONAS,MOTONETA,53016
2017,AMAZONAS,ONIBUS,8771
2017,AMAZONAS,UTILITARIO,4907
2017,BAHIA,AUTOMOVEL,1717286
2017,BAHIA,CAMINHAO,115141
2017,BAHIA,CAMINHAO TRATOR,20275
2017,BAHIA,CAMINHONETE,314107
2017,BAHIA,CAMIONETA,118181
2017,BAHIA,MICROONIBUS,28335
2017,BAHIA,MOTOCICLETA,1226270
2017,BAHIA,MOTONETA,179486
2017,BAHIA,ONIBUS,38664
2017,BAHIA,UTILITARIO,25634
2017,CEARA,AUTOMOVEL,1070294
2017,CEARA,CAMINHAO,70733
2017,CEARA,CAMINHAO TRATOR,8340
2017,CEARA,CAMINHONETE,161258
2017,CEARA,CAMIONETA,77975
2017,CEARA,MICROONIBUS,12043
2017,CEARA,MOTOCICLETA,1302460
2017,CEARA,MOTONETA,154329
2017,CEARA,ONIBUS,16700
2017,CEARA,UTILITARIO,27638
2017,DISTRITO FEDERAL,AUTOMOVEL,1222524
2017,DISTRITO FEDERAL,CAMINHAO,23427
2017,DISTRITO FEDERAL,CAMINHAO TRATOR,3232
2017,DISTRITO FEDERAL,CAMINHONETE,106953
2017,DISTRITO FEDERAL,CAMIONETA,91367
2017,DISTRITO FEDERAL,MICROONIBUS,5595
2017,DISTRITO FEDERAL,MOTOCICLETA,179162
2017,DISTRITO FEDERAL,MOTONETA,18080
2017,DISTRITO FEDERAL,ONIBUS,12166
2017,DISTRITO FEDERAL,UTILITARIO,23471
2017,ESPIRITO SANTO,AUTOMOVEL,902579
2017,ESPIRITO SANTO,CAMINHAO,70712
2017,ESPIRITO SANTO,CAMINHAO TRATOR,17518
2017,ESPIRITO SANTO,CAMINHONETE,140697
2017,ESPIRITO SANTO,CAMIONETA,77921
2017,ESPIRITO SANTO,MICROONIBUS,7878
2017,ESPIRITO SANTO,MOTOCICLETA,426362
2017,ESPIRITO SANTO,MOTONETA,101749
2017,ESPIRITO SANTO,ONIBUS,14424
2017,ESPIRITO SANTO,UTILITARIO,16875
2017,GOIAS,AUTOMOVEL,1745924
2017,GOIAS,CAMINHAO,107069
2017,GOIAS,CAMINHAO TRATOR,29661
2017,GOIAS,CAMINHONETE,341724
2017,GOIAS,CAMIONETA,83084
2017,GOIAS,MICROONIBUS,9445
2017,GOIAS,MOTOCICLETA,841747
2017,GOIAS,MOTONETA,264977
2017,GOIAS,ONIBUS,22120
2017,GOIAS,UTILITARIO,21654
2017,MARANHAO,AUTOMOVEL,405799
2017,MARANHAO,CAMINHAO,39265
2017,MARANHAO,CAMINHAO TRATOR,4308
2017,MARANHAO,CAMINHONETE,103268
2017,MARANHAO,CAMIONETA,27602
2017,MARANHAO,MICROONIBUS,4734
2017,MARANHAO,MOTOCICLETA,810752
2017,MARANHAO,MOTONETA,137976
2017,MARANHAO,ONIBUS,8656
2017,MARANHAO,UTILITARIO,8739
2017,MATO GROSSO,AUTOMOVEL,663888
2017,MATO GROSSO,CAMINHAO,67437
2017,MATO GROSSO,CAMINHAO TRATOR,31280
2017,MATO GROSSO,CAMINHONETE,200863
2017,MATO GROSSO,CAMIONETA,38938
2017,MATO GROSSO,MICROONIBUS,3366
2017,MATO GROSSO,MOTOCICLETA,587062
2017,MATO GROSSO,MOTONETA,208411
2017,MATO GROSSO,ONIBUS,11307
2017,MATO GROSSO,UTILITARIO,13123
2017,MATO GROSSO DO SUL,AUTOMOVEL,689318
2017,MATO GROSSO DO SUL,CAMINHAO,49521
2017,MATO GROSSO DO SUL,CAMINHAO TRATOR,16446
2017,MATO GROSSO DO SUL,CAMINHONETE,153477
2017,MATO GROSSO DO SUL,CAMIONETA,30882
2017,MATO GROSSO DO SUL,MICROONIBUS,3630
2017,MATO GROSSO DO SUL,MOTOCICLETA,352508
2017,MATO GROSSO DO SUL,MOTONETA,105150
2017,MATO GROSSO DO SUL,ONIBUS,9434
2017,MATO GROSSO DO SUL,UTILITARIO,11116
2017,MINAS GERAIS,AUTOMOVEL,5742056
2017,MINAS GERAIS,CAMINHAO,323048
2017,MINAS GERAIS,CAMINHAO TRATOR,67468
2017,MINAS GERAIS,CAMINHONETE,865862
2017,MINAS GERAIS,CAMIONETA,279001
2017,MINAS GERAIS,MICROONIBUS,44882
2017,MINAS GERAIS,MOTOCICLETA,2402604
2017,MINAS GERAIS,MOTONETA,275357
2017,MINAS GERAIS,ONIBUS,73897
2017,MINAS GERAIS,UTILITARIO,59529
2017,PARA,AUTOMOVEL,557425
2017,PARA,CAMINHAO,58967
2017,PARA,CAMINHAO TRATOR,8042
2017,PARA,CAMINHONETE,132660
2017,PARA,CAMIONETA,39237
2017,PARA,MICROONIBUS,6532
2017,PARA,MOTOCICLETA,811762
2017,PARA,MOTONETA,178545
2017,PARA,ONIBUS,17783
2017,PARA,UTILITARIO,12280
2017,PARAIBA,AUTOMOVEL,493120
2017,PARAIBA,CAMINHAO,28516
2017,PARAIBA,CAMINHAO TRATOR,2701
2017,PARAIBA,CAMINHONETE,67726
2017,PARAIBA,CAMIONETA,35469
2017,PARAIBA,MICROONIBUS,4596
2017,PARAIBA,MOTOCICLETA,458850
2017,PARAIBA,MOTONETA,63551
2017,PARAIBA,ONIBUS,7205
2017,PARAIBA,UTILITARIO,8677
2017,PARANA,AUTOMOVEL,4218850
2017,PARANA,CAMINHAO,260727
2017,PARANA,CAMINHAO TRATOR,90987
2017,PARANA,CAMINHONETE,584059
2017,PARANA,CAMIONETA,259833
2017,PARANA,MICROONIBUS,22128
2017,PARANA,MOTOCICLETA,1102087
2017,PARANA,MOTONETA,278855
2017,PARANA,ONIBUS,40710
2017,PARANA,UTILITARIO,50919
2017,PERNAMBUCO,AUTOMOVEL,1258191
2017,PERNAMBUCO,CAMINHAO,91040
2017,PERNAMBUCO,CAMINHAO TRATOR,12095
2017,PERNAMBUCO,CAMINHONETE,154622
2017,PERNAMBUCO,CAMIONETA,98458
2017,PERNAMBUCO,MICROONIBUS,18349
2017,PERNAMBUCO,MOTOCICLETA,990976
2017,PERNAMBUCO,MOTONETA,99706
2017,PERNAMBUCO,ONIBUS,19380
2017,PERNAMBUCO,UTILITARIO,17600
2017,PIAUI,AUTOMOVEL,326201
2017,PIAUI,CAMINHAO,27783
2017,PIAUI,CAMINHAO TRATOR,2534
2017,PIAUI,CAMINHONETE,71570
2017,PIAUI,CAMIONETA,30834
2017,PIAUI,MICROONIBUS,3500
2017,PIAUI,MOTOCICLETA,525991
2017,PIAUI,MOTONETA,93067
2017,PIAUI,ONIBUS,6920
2017,PIAUI,UTILITARIO,6102
2017,RIO DE JANEIRO,AUTOMOVEL,4347415
2017,RIO DE JANEIRO,CAMINHAO,142197
2017,RIO DE JANEIRO,CAMINHAO TRATOR,17601
2017,RIO DE JANEIRO,CAMINHONETE,286423
2017,RIO DE JANEIRO,CAMIONETA,330467
2017,RIO DE JANEIRO,MICROONIBUS,38385
2017,RIO DE JANEIRO,MOTOCICLETA,904038
2017,RIO DE JANEIRO,MOTONETA,160335
2017,RIO DE JANEIRO,ONIBUS,46449
2017,RIO DE JANEIRO,UTILITARIO,52495
2017,RIO GRANDE DO NORTE,AUTOMOVEL,519343
2017,RIO GRANDE DO NORTE,CAMINHAO,31756
2017,RIO GRANDE DO NORTE,CAMINHAO TRATOR,3256
2017,RIO GRANDE DO NORTE,CAMINHONETE,72269
2017,RIO GRANDE DO NORTE,CAMIONETA,36710
2017,RIO GRANDE DO NORTE,MICROONIBUS,4942
2017,RIO GRANDE DO NORTE,MOTOCICLETA,415387
2017,RIO GRANDE DO NORTE,MOTONETA,56838
2017,RIO GRANDE DO NORTE,ONIBUS,6781
2017,RIO GRANDE DO NORTE,UTILITARIO,13472
2017,RIO GRANDE DO SUL,AUTOMOVEL,4091744
2017,RIO GRANDE DO SUL,CAMINHAO,220706
2017,RIO GRANDE DO SUL,CAMINHAO TRATOR,59350
2017,RIO GRANDE DO SUL,CAMINHONETE,456125
2017,RIO GRANDE DO SUL,CAMIONETA,283079
2017,RIO GRANDE DO SUL,MICROONIBUS,19770
2017,RIO GRANDE DO SUL,MOTOCICLETA,1036663
2017,RIO GRANDE DO SUL,MOTONETA,183026
2017,RIO GRANDE DO SUL,ONIBUS,40459
2017,RIO GRANDE DO SUL,UTILITARIO,48905
2017,RONDONIA,AUTOMOVEL,260475
2017,RONDONIA,CAMINHAO,30090
2017,RONDONIA,CAMINHAO TRATOR,6346
2017,RONDONIA,CAMINHONETE,78173
2017,RONDONIA,CAMIONETA,18838
2017,RONDONIA,MICROONIBUS,1177
2017,RONDONIA,MOTOCICLETA,377734
2017,RONDONIA,MOTONETA,112935
2017,RONDONIA,ONIBUS,5856
2017,RONDONIA,UTILITARIO,3112
2017,RORAIMA,AUTOMOVEL,68102
2017,RORAIMA,CAMINHAO,4633
2017,RORAIMA,CAMINHAO TRATOR,733
2017,RORAIMA,CAMINHONETE,20256
2017,RORAIMA,CAMIONETA,8683
2017,RORAIMA,MICROONIBUS,678
2017,RORAIMA,MOTOCICLETA,77230
2017,RORAIMA,MOTONETA,18963
2017,RORAIMA,ONIBUS,1034
2017,RORAIMA,UTILITARIO,1097
2017,SANTA CATARINA,AUTOMOVEL,2761622
2017,SANTA CATARINA,CAMINHAO,146451
2017,SANTA CATARINA,CAMINHAO TRATOR,51179
2017,SANTA CATARINA,CAMINHONETE,289740
2017,SANTA CATARINA,CAMIONETA,236024
2017,SANTA CATARINA,MICROONIBUS,11903
2017,SANTA CATARINA,MOTOCICLETA,835676
2017,SANTA CATARINA,MOTONETA,262083
2017,SANTA CATARINA,ONIBUS,18695
2017,SANTA CATARINA,UTILITARIO,47166
2017,SAO PAULO,AUTOMOVEL,17452918
2017,SAO PAULO,CAMINHAO,656420
2017,SAO PAULO,CAMINHAO TRATOR,174253
2017,SAO PAULO,CAMINHONETE,1574852
2017,SAO PAULO,CAMIONETA,1363059
2017,SAO PAULO,MICROONIBUS,115380
2017,SAO PAULO,MOTOCICLETA,4398722
2017,SAO PAULO,MOTONETA,843605
2017,SAO PAULO,ONIBUS,157313
2017,SAO PAULO,UTILITARIO,230674
2017,SERGIPE,AUTOMOVEL,311690
2017,SERGIPE,CAMINHAO,20697
2017,SERGIPE,CAMINHAO TRATOR,2449
2017,SERGIPE,CAMINHONETE,40671
2017,SERGIPE,CAMIONETA,13963
2017,SERGIPE,MICROONIBUS,3446
2017,SERGIPE,MOTOCICLETA,236688
2017,SERGIPE,MOTONETA,40364
2017,SERGIPE,ONIBUS,6776
2017,SERGIPE,UTILITARIO,4006
2017,Sem Informação,AUTOMOVEL,253106
2017,Sem Informação,CAMINHAO,24639
2017,Sem Informação,CAMINHAO TRATOR,3207
2017,Sem Informação,CAMINHONETE,38515
2017,Sem Informação,CAMIONETA,42505
2017,Sem Informação,MICROONIBUS,1648
2017,Sem Informação,MOTOCICLETA,628505
2017,Sem Informação,MOTONETA,199972
2017,Sem Informação,ONIBUS,3715
2017,Sem Informação,UTILITARIO,6981
2017,TOCANTINS,AUTOMOVEL,197824
2017,TOCANTINS,CAMINHAO,22007
2017,TOCANTINS,CAMINHAO TRATOR,4787
2017,TOCANTINS,CAMINHONETE,52858
2017,TOCANTINS,CAMIONETA,17737
2017,TOCANTINS,MICROONIBUS,1530
2017,TOCANTINS,MOTOCICLETA,222040
2017,TOCANTINS,MOTONETA,90691
2017,TOCANTINS,ONIBUS,5371
2017,TOCANTINS,UTILITARIO,3149
2018,ACRE,AUTOMOVEL,84951
2018,ACRE,CAMINHAO,7126
2018,ACRE,CAMINHAO TRATOR,879
2018,ACRE,CAMINHONETE,23788
2018,ACRE,CAMIONETA,6248
2018,ACRE,MICROONIBUS,356
2018,ACRE,MOTOCICLETA,115034
2018,ACRE,MOTONETA,24028
2018,ACRE,ONIBUS,1146
2018,ACRE,UTILITARIO,1266
2018,ALAGOAS,AUTOMOVEL,348243
2018,ALAGOAS,CAMINHAO,21062
2018,ALAGOAS,CAMINHAO TRATOR,2488
2018,ALAGOAS,CAMINHONETE,47733
2018,ALAGOAS,CAMIONETA,25425
2018,ALAGOAS,MICROONIBUS,6514
2018,ALAGOAS,MOTOCICLETA,280348
2018,ALAGOAS,MOTONETA,39250
2018,ALAGOAS,ONIBUS,7556
2018,ALAGOAS,UTILITARIO,5673
2018,AMAPA,AUTOMOVEL,78236
2018,AMAPA,CAMINHAO,3980
2018,AMAPA,CAMINHAO TRATOR,383
2018,AMAPA,CAMINHONETE,19099
2018,AMAPA,CAMIONETA,6432
2018,AMAPA,MICROONIBUS,426
2018,AMAPA,MOTOCICLETA,64049
2018,AMAPA,MOTONETA,11596
2018,AMAPA,ONIBUS,1244
2018,AMAPA,UTILITARIO,928
2018,AMAZONAS,AUTOMOVEL,385606
2018,AMAZONAS,CAMINHAO,19567
2018,AMAZONAS,CAMINHAO TRATOR,3293
2018,AMAZONAS,CAMINHONETE,77449
2018,AMAZONAS,CAMIONETA,34401
2018,AMAZONAS,MICROONIBUS,3518
2018,AMAZONAS,MOTOCICLETA,250542
2018,AMAZONAS,MOTONETA,55853
2018,AMAZONAS,ONIBUS,8846
2018,AMAZONAS,UTILITARIO,5062
2018,BAHIA,AUTOMOVEL,1789610
2018,BAHIA,CAMINHAO,116691
2018,BAHIA,CAMINHAO TRATOR,20737
2018,BAHIA,CAMINHONETE,333009
2018,BAHIA,CAMIONETA,125344
2018,BAHIA,MICROONIBUS,29206
2018,BAHIA,MOTOCICLETA,1268280
2018,BAHIA,MOTONETA,187929
2018,BAHIA,ONIBUS,39332
2018,BAHIA,UTILITARIO,28302
2018,CEARA,AUTOMOVEL,1113173
2018,CEARA,CAMINHAO,72460
2018,CEARA,CAMINHAO TRATOR,8762
2018,CEARA,CAMINHONETE,183982
2018,CEARA,CAMIONETA,66114
2018,CEARA,MICROONIBUS,12399
2018,CEARA,MOTOCICLETA,1349179
2018,CEARA,MOTONETA,161851
2018,CEARA,ONIBUS,17425
2018,CEARA,UTILITARIO,30985
2018,DISTRITO FEDERAL,AUTOMOVEL,1258052
2018,DISTRITO FEDERAL,CAMINHAO,23632
2018,DISTRITO FEDERAL,CAMINHAO TRATOR,3308
2018,DISTRITO FEDERAL,CAMINHONETE,112032
2018,DISTRITO FEDERAL,CAMIONETA,96119
2018,DISTRITO FEDERAL,MICROONIBUS,5765
2018,DISTRITO FEDERAL,MOTOCICLETA,185617
2018,DISTRITO FEDERAL,MOTONETA,19050
2018,DISTRITO FEDERAL,ONIBUS,12388
2018,DISTRITO FEDERAL,UTILITARIO,25870
2018,ESPIRITO SANTO,AUTOMOVEL,931877
2018,ESPIRITO SANTO,CAMINHAO,72072
2018,ESPIRITO SANTO,CAMINHAO TRATOR,18031
2018,ESPIRITO SANTO,CAMINHONETE,148748
2018,ESPIRITO SANTO,CAMIONETA,80201
2018,ESPIRITO SANTO,MICROONIBUS,8060
2018,ESPIRITO SANTO,MOTOCICLETA,437203
2018,ESPIRITO SANTO,MOTONETA,105478
2018,ESPIRITO SANTO,ONIBUS,14530
2018,ESPIRITO SANTO,UTILITARIO,18666
2018,GOIAS,AUTOMOVEL,1804528
2018,GOIAS,CAMINHAO,109294
2018,GOIAS,CAMINHAO TRATOR,30528
2018,GOIAS,CAMINHONETE,356409
2018,GOIAS,CAMIONETA,88837
2018,GOIAS,MICROONIBUS,9779
2018,GOIAS,MOTOCICLETA,863528
2018,GOIAS,MOTONETA,274071
2018,GOIAS,ONIBUS,22578
2018,GOIAS,UTILITARIO,23986
2018,MARANHAO,AUTOMOVEL,424960
2018,MARANHAO,CAMINHAO,40481
2018,MARANHAO,CAMINHAO TRATOR,4684
2018,MARANHAO,CAMINHONETE,109882
2018,MARANHAO,CAMIONETA,28754
2018,MARANHAO,MICROONIBUS,4883
2018,MARANHAO,MOTOCICLETA,847727
2018,MARANHAO,MOTONETA,145796
2018,MARANHAO,ONIBUS,8968
2018,MARANHAO,UTILITARIO,9773
2018,MATO GROSSO,AUTOMOVEL,697835
2018,MATO GROSSO,CAMINHAO,69804
2018,MATO GROSSO,CAMINHAO TRATOR,33649
2018,MATO GROSSO,CAMINHONETE,213907
2018,MATO GROSSO,CAMIONETA,41862
2018,MATO GROSSO,MICROONIBUS,3473
2018,MATO GROSSO,MOTOCICLETA,608616
2018,MATO GROSSO,MOTONETA,220341
2018,MATO GROSSO,ONIBUS,11685
2018,MATO GROSSO,UTILITARIO,14562
2018,MATO GROSSO DO SUL,AUTOMOVEL,717222
2018,MATO GROSSO DO SUL,CAMINHAO,51360
2018,MATO GROSSO DO SUL,CAMINHAO TRATOR,17480
2018,MATO GROSSO DO SUL,CAMINHONETE,161389
2018,MATO GROSSO DO SUL,CAMIONETA,33245
2018,MATO GROSSO DO SUL,MICROONIBUS,3767
2018,MATO GROSSO DO SUL,MOTOCICLETA,362557
2018,MATO GROSSO DO SUL,MOTONETA,108701
2018,MATO GROSSO DO SUL,ONIBUS,9677
2018,MATO GROSSO DO SUL,UTILITARIO,12370
2018,MINAS GERAIS,AUTOMOVEL,5987759
2018,MINAS GERAIS,CAMINHAO,328452
2018,MINAS GERAIS,CAMINHAO TRATOR,70215
2018,MINAS GERAIS,CAMINHONETE,918414
2018,MINAS GERAIS,CAMIONETA,298707
2018,MINAS GERAIS,MICROONIBUS,46113
2018,MINAS GERAIS,MOTOCICLETA,2472070
2018,MINAS GERAIS,MOTONETA,286706
2018,MINAS GERAIS,ONIBUS,75729
2018,MINAS GERAIS,UTILITARIO,67770
2018,PARA,AUTOMOVEL,582417
2018,PARA,CAMINHAO,60753
2018,PARA,CAMINHAO TRATOR,8603
2018,PARA,CAMINHONETE,141610
2018,PARA,CAMIONETA,40672
2018,PARA,MICROONIBUS,6498
2018,PARA,MOTOCICLETA,852590
2018,PARA,MOTONETA,187181
2018,PARA,ONIBUS,18323
2018,PARA,UTILITARIO,13002
2018,PARAIBA,AUTOMOVEL,515235
2018,PARAIBA,CAMINHAO,28592
2018,PARAIBA,CAMINHAO TRATOR,2737
2018,PARAIBA,CAMINHONETE,71865
2018,PARAIBA,CAMIONETA,36626
2018,PARAIBA,MICROONIBUS,4695
2018,PARAIBA,MOTOCICLETA,478917
2018,PARAIBA,MOTONETA,66163
2018,PARAIBA,ONIBUS,7563
2018,PARAIBA,UTILITARIO,9992
2018,PARANA,AUTOMOVEL,4327753
2018,PARANA,CAMINHAO,264760
2018,PARANA,CAMINHAO TRATOR,93500
2018,PARANA,CAMINHONETE,611549
2018,PARANA,CAMIONETA,270486
2018,PARANA,MICROONIBUS,22703
2018,PARANA,MOTOCICLETA,1132682
2018,PARANA,MOTONETA,288269
2018,PARANA,ONIBUS,42065
2018,PARANA,UTILITARIO,57332
2018,PERNAMBUCO,AUTOMOVEL,1299041
2018,PERNAMBUCO,CAMINHAO,91543
2018,PERNAMBUCO,CAMINHAO TRATOR,12419
2018,PERNAMBUCO,CAMINHONETE,162200
2018,PERNAMBUCO,CAMIONETA,101601
2018,PERNAMBUCO,MICROONIBUS,18689
2018,PERNAMBUCO,MOTOCICLETA,1023265
2018,PERNAMBUCO,MOTONETA,104369
2018,PERNAMBUCO,ONIBUS,19723
2018,PERNAMBUCO,UTILITARIO,19660
2018,PIAUI,AUTOMOVEL,345658
2018,PIAUI,CAMINHAO,29099
2018,PIAUI,CAMINHAO TRATOR,2645
2018,PIAUI,CAMINHONETE,77579
2018,PIAUI,CAMIONETA,31459
2018,PIAUI,MICROONIBUS,3800
2018,PIAUI,MOTOCICLETA,547238
2018,PIAUI,MOTONETA,96827
2018,PIAUI,ONIBUS,7587
2018,PIAUI,UTILITARIO,6943
2018,RIO DE JANEIRO,AUTOMOVEL,4448294
2018,RIO DE JANEIRO,CAMINHAO,142906
2018,RIO DE JANEIRO,CAMINHAO TRATOR,17917
2018,RIO DE JANEIRO,CAMINHONETE,297578
2018,RIO DE JANEIRO,CAMIONETA,338646
2018,RIO DE JANEIRO,MICROONIBUS,38328
2018,RIO DE JANEIRO,MOTOCICLETA,932705
2018,RIO DE JANEIRO,MOTONETA,166780
2018,RIO DE JANEIRO,ONIBUS,45157
2018,RIO DE JANEIRO,UTILITARIO,56375
2018,RIO GRANDE DO NORTE,AUTOMOVEL,542887
2018,RIO GRANDE DO NORTE,CAMINHAO,33145
2018,RIO GRANDE DO NORTE,CAMINHAO TRATOR,3449
2018,RIO GRANDE DO NORTE,CAMINHONETE,77044
2018,RIO GRANDE DO NORTE,CAMIONETA,38268
2018,RIO GRANDE DO NORTE,MICROONIBUS,5046
2018,RIO GRANDE DO NORTE,MOTOCICLETA,430901
2018,RIO GRANDE DO NORTE,MOTONETA,59434
2018,RIO GRANDE DO NORTE,ONIBUS,7145
2018,RIO GRANDE DO NORTE,UTILITARIO,15063
2018,RIO GRANDE DO SUL,AUTOMOVEL,4212167
2018,RIO GRANDE DO SUL,CAMINHAO,224533
2018,RIO GRANDE DO SUL,CAMINHAO TRATOR,61100
2018,RIO GRANDE DO SUL,CAMINHONETE,483870
2018,RIO GRANDE DO SUL,CAMIONETA,298824
2018,RIO GRANDE DO SUL,MICROONIBUS,20157
2018,RIO GRANDE DO SUL,MOTOCICLETA,1057965
2018,RIO GRANDE DO SUL,MOTONETA,187542
2018,RIO GRANDE DO SUL,ONIBUS,41043
2018,RIO GRANDE DO SUL,UTILITARIO,55631
2018,RONDONIA,AUTOMOVEL,273724
2018,RONDONIA,CAMINHAO,30649
2018,RONDONIA,CAMINHAO TRATOR,6756
2018,RONDONIA,CAMINHONETE,83864
2018,RONDONIA,CAMIONETA,19209
2018,RONDONIA,MICROONIBUS,1224
2018,RONDONIA,MOTOCICLETA,389355
2018,RONDONIA,MOTONETA,117499
2018,RONDONIA,ONIBUS,6069
2018,RONDONIA,UTILITARIO,3518
2018,RORAIMA,AUTOMOVEL,71696
2018,RORAIMA,CAMINHAO,4891
2018,RORAIMA,CAMINHAO TRATOR,818
2018,RORAIMA,CAMINHONETE,22307
2018,RORAIMA,CAMIONETA,8920
2018,RORAIMA,MICROONIBUS,699
2018,RORAIMA,MOTOCICLETA,79485
2018,RORAIMA,MOTONETA,19492
2018,RORAIMA,ONIBUS,1117
2018,RORAIMA,UTILITARIO,1207
2018,SANTA CATARINA,AUTOMOVEL,2863751
2018,SANTA CATARINA,CAMINHAO,148809
2018,SANTA CATARINA,CAMINHAO TRATOR,52907
2018,SANTA CATARINA,CAMINHONETE,314220
2018,SANTA CATARINA,CAMIONETA,249745
2018,SANTA CATARINA,MICROONIBUS,12102
2018,SANTA CATARINA,MOTOCICLETA,855266
2018,SANTA CATARINA,MOTONETA,269557
2018,SANTA CATARINA,ONIBUS,19171
2018,SANTA CATARINA,UTILITARIO,55656
2018,SAO PAULO,AUTOMOVEL,17949111
2018,SAO PAULO,CAMINHAO,662057
2018,SAO PAULO,CAMINHAO TRATOR,178910
2018,SAO PAULO,CAMINHONETE,1652185
2018,SAO PAULO,CAMIONETA,1420425
2018,SAO PAULO,MICROONIBUS,116497
2018,SAO PAULO,MOTOCICLETA,4523419
2018,SAO PAULO,MOTONETA,884858
2018,SAO PAULO,ONIBUS,159926
2018,SAO PAULO,UTILITARIO,258421
2018,SERGIPE,AUTOMOVEL,322781
2018,SERGIPE,CAMINHAO,20983
2018,SERGIPE,CAMINHAO TRATOR,2560
2018,SERGIPE,CAMINHONETE,42845
2018,SERGIPE,CAMIONETA,15012
2018,SERGIPE,MICROONIBUS,3442
2018,SERGIPE,MOTOCICLETA,246555
2018,SERGIPE,MOTONETA,42161
2018,SERGIPE,ONIBUS,6986
2018,SERGIPE,UTILITARIO,4390
2018,Sem InformaÃ§Ã£o,AUTOMOVEL,269461
2018,Sem InformaÃ§Ã£o,CAMINHAO,27410
2018,Sem InformaÃ§Ã£o,CAMINHAO TRATOR,4099
2018,Sem InformaÃ§Ã£o,CAMINHONETE,48956
2018,Sem InformaÃ§Ã£o,CAMIONETA,60312
2018,Sem InformaÃ§Ã£o,MICROONIBUS,2117
2018,Sem InformaÃ§Ã£o,MOTOCICLETA,627341
2018,Sem InformaÃ§Ã£o,MOTONETA,206447
2018,Sem InformaÃ§Ã£o,ONIBUS,4255
2018,Sem InformaÃ§Ã£o,UTILITARIO,9107
2018,TOCANTINS,AUTOMOVEL,207251
2018,TOCANTINS,CAMINHAO,22082
2018,TOCANTINS,CAMINHAO TRATOR,5096
2018,TOCANTINS,CAMINHONETE,56099
2018,TOCANTINS,CAMIONETA,18046
2018,TOCANTINS,MICROONIBUS,1518
2018,TOCANTINS,MOTOCICLETA,229040
2018,TOCANTINS,MOTONETA,93599
2018,TOCANTINS,ONIBUS,5507
2018,TOCANTINS,UTILITARIO,3509
2019,ACRE,AUTOMOVEL,88985
2019,ACRE,CAMINHAO,7247
2019,ACRE,CAMINHAO TRATOR,953
2019,ACRE,CAMINHONETE,25078
2019,ACRE,CAMIONETA,6355
2019,ACRE,MICROONIBUS,362
2019,ACRE,MOTOCICLETA,121063
2019,ACRE,MOTONETA,26041
2019,ACRE,ONIBUS,1205
2019,ACRE,UTILITARIO,1339
2019,ALAGOAS,AUTOMOVEL,364987
2019,ALAGOAS,CAMINHAO,21715
2019,ALAGOAS,CAMINHAO TRATOR,2651
2019,ALAGOAS,CAMINHONETE,51587
2019,ALAGOAS,CAMIONETA,26117
2019,ALAGOAS,MICROONIBUS,6934
2019,ALAGOAS,MOTOCICLETA,297776
2019,ALAGOAS,MOTONETA,41717
2019,ALAGOAS,ONIBUS,7979
2019,ALAGOAS,UTILITARIO,6369
2019,AMAPA,AUTOMOVEL,82437
2019,AMAPA,CAMINHAO,4113
2019,AMAPA,CAMINHAO TRATOR,403
2019,AMAPA,CAMINHONETE,20225
2019,AMAPA,CAMIONETA,6573
2019,AMAPA,MICROONIBUS,431
2019,AMAPA,MOTOCICLETA,66609
2019,AMAPA,MOTONETA,12275
2019,AMAPA,ONIBUS,1268
2019,AMAPA,UTILITARIO,1013
2019,AMAZONAS,AUTOMOVEL,402287
2019,AMAZONAS,CAMINHAO,19893
2019,AMAZONAS,CAMINHAO TRATOR,3513
2019,AMAZONAS,CAMINHONETE,80993
2019,AMAZONAS,CAMIONETA,34705
2019,AMAZONAS,MICROONIBUS,3524
2019,AMAZONAS,MOTOCICLETA,264619
2019,AMAZONAS,MOTONETA,59408
2019,AMAZONAS,ONIBUS,9048
2019,AMAZONAS,UTILITARIO,5438
2019,BAHIA,AUTOMOVEL,1865572
2019,BAHIA,CAMINHAO,119326
2019,BAHIA,CAMINHAO TRATOR,22253
2019,BAHIA,CAMINHONETE,353946
2019,BAHIA,CAMIONETA,132431
2019,BAHIA,MICROONIBUS,30073
2019,BAHIA,MOTOCICLETA,1318841
2019,BAHIA,MOTONETA,200259
2019,BAHIA,ONIBUS,40515
2019,BAHIA,UTILITARIO,31725
2019,CEARA,AUTOMOVEL,1159139
2019,CEARA,CAMINHAO,74003
2019,CEARA,CAMINHAO TRATOR,9274
2019,CEARA,CAMINHONETE,193237
2019,CEARA,CAMIONETA,68947
2019,CEARA,MICROONIBUS,12827
2019,CEARA,MOTOCICLETA,1399740
2019,CEARA,MOTONETA,171263
2019,CEARA,ONIBUS,17841
2019,CEARA,UTILITARIO,33961
2019,DISTRITO FEDERAL,AUTOMOVEL,1296598
2019,DISTRITO FEDERAL,CAMINHAO,24122
2019,DISTRITO FEDERAL,CAMINHAO TRATOR,3576
2019,DISTRITO FEDERAL,CAMINHONETE,117558
2019,DISTRITO FEDERAL,CAMIONETA,100527
2019,DISTRITO FEDERAL,MICROONIBUS,5972
2019,DISTRITO FEDERAL,MOTOCICLETA,193787
2019,DISTRITO FEDERAL,MOTONETA,20286
2019,DISTRITO FEDERAL,ONIBUS,12832
2019,DISTRITO FEDERAL,UTILITARIO,28833
2019,ESPIRITO SANTO,AUTOMOVEL,962886
2019,ESPIRITO SANTO,CAMINHAO,73693
2019,ESPIRITO SANTO,CAMINHAO TRATOR,18895
2019,ESPIRITO SANTO,CAMINHONETE,158510
2019,ESPIRITO SANTO,CAMIONETA,82939
2019,ESPIRITO SANTO,MICROONIBUS,8338
2019,ESPIRITO SANTO,MOTOCICLETA,451447
2019,ESPIRITO SANTO,MOTONETA,110991
2019,ESPIRITO SANTO,ONIBUS,14883
2019,ESPIRITO SANTO,UTILITARIO,20609
2019,GOIAS,AUTOMOVEL,1868309
2019,GOIAS,CAMINHAO,111553
2019,GOIAS,CAMINHAO TRATOR,32492
2019,GOIAS,CAMINHONETE,372782
2019,GOIAS,CAMIONETA,94535
2019,GOIAS,MICROONIBUS,10184
2019,GOIAS,MOTOCICLETA,886017
2019,GOIAS,MOTONETA,284439
2019,GOIAS,ONIBUS,23203
2019,GOIAS,UTILITARIO,27273
2019,MARANHAO,AUTOMOVEL,445857
2019,MARANHAO,CAMINHAO,41807
2019,MARANHAO,CAMINHAO TRATOR,5261
2019,MARANHAO,CAMINHONETE,117038
2019,MARANHAO,CAMIONETA,30006
2019,MARANHAO,MICROONIBUS,5128
2019,MARANHAO,MOTOCICLETA,882396
2019,MARANHAO,MOTONETA,154728
2019,MARANHAO,ONIBUS,9471
2019,MARANHAO,UTILITARIO,10787
2019,MATO GROSSO,AUTOMOVEL,741319
2019,MATO GROSSO,CAMINHAO,73323
2019,MATO GROSSO,CAMINHAO TRATOR,37338
2019,MATO GROSSO,CAMINHONETE,230195
2019,MATO GROSSO,CAMIONETA,46038
2019,MATO GROSSO,MICROONIBUS,3675
2019,MATO GROSSO,MOTOCICLETA,633612
2019,MATO GROSSO,MOTONETA,236134
2019,MATO GROSSO,ONIBUS,12284
2019,MATO GROSSO,UTILITARIO,16446
2019,MATO GROSSO DO SUL,AUTOMOVEL,747268
2019,MATO GROSSO DO SUL,CAMINHAO,53020
2019,MATO GROSSO DO SUL,CAMINHAO TRATOR,18783
2019,MATO GROSSO DO SUL,CAMINHONETE,169862
2019,MATO GROSSO DO SUL,CAMIONETA,35941
2019,MATO GROSSO DO SUL,MICROONIBUS,3985
2019,MATO GROSSO DO SUL,MOTOCICLETA,373920
2019,MATO GROSSO DO SUL,MOTONETA,113420
2019,MATO GROSSO DO SUL,ONIBUS,9974
2019,MATO GROSSO DO SUL,UTILITARIO,13739
2019,MINAS GERAIS,AUTOMOVEL,6291646
2019,MINAS GERAIS,CAMINHAO,335678
2019,MINAS GERAIS,CAMINHAO TRATOR,76665
2019,MINAS GERAIS,CAMINHONETE,977671
2019,MINAS GERAIS,CAMIONETA,330011
2019,MINAS GERAIS,MICROONIBUS,47257
2019,MINAS GERAIS,MOTOCICLETA,2548007
2019,MINAS GERAIS,MOTONETA,300216
2019,MINAS GERAIS,ONIBUS,79090
2019,MINAS GERAIS,UTILITARIO,77096
2019,PARA,AUTOMOVEL,611418
2019,PARA,CAMINHAO,62175
2019,PARA,CAMINHAO TRATOR,9509
2019,PARA,CAMINHONETE,151400
2019,PARA,CAMIONETA,42513
2019,PARA,MICROONIBUS,6668
2019,PARA,MOTOCICLETA,893932
2019,PARA,MOTONETA,197810
2019,PARA,ONIBUS,18971
2019,PARA,UTILITARIO,13940
2019,PARAIBA,AUTOMOVEL,538988
2019,PARAIBA,CAMINHAO,28728
2019,PARAIBA,CAMINHAO TRATOR,2866
2019,PARAIBA,CAMINHONETE,76085
2019,PARAIBA,CAMIONETA,37846
2019,PARAIBA,MICROONIBUS,4898
2019,PARAIBA,MOTOCICLETA,500396
2019,PARAIBA,MOTONETA,69462
2019,PARAIBA,ONIBUS,7615
2019,PARAIBA,UTILITARIO,11545
2019,PARANA,AUTOMOVEL,4459433
2019,PARANA,CAMINHAO,269203
2019,PARANA,CAMINHAO TRATOR,97477
2019,PARANA,CAMINHONETE,642334
2019,PARANA,CAMIONETA,283864
2019,PARANA,MICROONIBUS,23562
2019,PARANA,MOTOCICLETA,1169179
2019,PARANA,MOTONETA,299948
2019,PARANA,ONIBUS,43959
2019,PARANA,UTILITARIO,65540
2019,PERNAMBUCO,AUTOMOVEL,1345196
2019,PERNAMBUCO,CAMINHAO,92974
2019,PERNAMBUCO,CAMINHAO TRATOR,13038
2019,PERNAMBUCO,CAMINHONETE,169645
2019,PERNAMBUCO,CAMIONETA,105213
2019,PERNAMBUCO,MICROONIBUS,19065
2019,PERNAMBUCO,MOTOCICLETA,1061251
2019,PERNAMBUCO,MOTONETA,110841
2019,PERNAMBUCO,ONIBUS,20537
2019,PERNAMBUCO,UTILITARIO,21820
2019,PIAUI,AUTOMOVEL,365306
2019,PIAUI,CAMINHAO,30515
2019,PIAUI,CAMINHAO TRATOR,2915
2019,PIAUI,CAMINHONETE,83612
2019,PIAUI,CAMIONETA,32079
2019,PIAUI,MICROONIBUS,4149
2019,PIAUI,MOTOCICLETA,567700
2019,PIAUI,MOTONETA,101124
2019,PIAUI,ONIBUS,8259
2019,PIAUI,UTILITARIO,7885
2019,RIO DE JANEIRO,AUTOMOVEL,4567438
2019,RIO DE JANEIRO,CAMINHAO,143783
2019,RIO DE JANEIRO,CAMINHAO TRATOR,18460
2019,RIO DE JANEIRO,CAMINHONETE,311332
2019,RIO DE JANEIRO,CAMIONETA,348981
2019,RIO DE JANEIRO,MICROONIBUS,39120
2019,RIO DE JANEIRO,MOTOCICLETA,969606
2019,RIO DE JANEIRO,MOTONETA,174592
2019,RIO DE JANEIRO,ONIBUS,44910
2019,RIO DE JANEIRO,UTILITARIO,62584
2019,RIO GRANDE DO NORTE,AUTOMOVEL,565920
2019,RIO GRANDE DO NORTE,CAMINHAO,34924
2019,RIO GRANDE DO NORTE,CAMINHAO TRATOR,3761
2019,RIO GRANDE DO NORTE,CAMINHONETE,81802
2019,RIO GRANDE DO NORTE,CAMIONETA,39873
2019,RIO GRANDE DO NORTE,MICROONIBUS,5205
2019,RIO GRANDE DO NORTE,MOTOCICLETA,445321
2019,RIO GRANDE DO NORTE,MOTONETA,62379
2019,RIO GRANDE DO NORTE,ONIBUS,7530
2019,RIO GRANDE DO NORTE,UTILITARIO,17027
2019,RIO GRANDE DO SUL,AUTOMOVEL,4337845
2019,RIO GRANDE DO SUL,CAMINHAO,229226
2019,RIO GRANDE DO SUL,CAMINHAO TRATOR,64082
2019,RIO GRANDE DO SUL,CAMINHONETE,513106
2019,RIO GRANDE DO SUL,CAMIONETA,315793
2019,RIO GRANDE DO SUL,MICROONIBUS,20768
2019,RIO GRANDE DO SUL,MOTOCICLETA,1082054
2019,RIO GRANDE DO SUL,MOTONETA,193091
2019,RIO GRANDE DO SUL,ONIBUS,42069
2019,RIO GRANDE DO SUL,UTILITARIO,64331
2019,RONDONIA,AUTOMOVEL,290242
2019,RONDONIA,CAMINHAO,31103
2019,RONDONIA,CAMINHAO TRATOR,7195
2019,RONDONIA,CAMINHONETE,90629
2019,RONDONIA,CAMIONETA,19692
2019,RONDONIA,MICROONIBUS,1284
2019,RONDONIA,MOTOCICLETA,401710
2019,RONDONIA,MOTONETA,122962
2019,RONDONIA,ONIBUS,6268
2019,RONDONIA,UTILITARIO,4094
2019,RORAIMA,AUTOMOVEL,75573
2019,RORAIMA,CAMINHAO,5168
2019,RORAIMA,CAMINHAO TRATOR,883
2019,RORAIMA,CAMINHONETE,24162
2019,RORAIMA,CAMIONETA,9091
2019,RORAIMA,MICROONIBUS,736
2019,RORAIMA,MOTOCICLETA,81353
2019,RORAIMA,MOTONETA,19990
2019,RORAIMA,ONIBUS,1144
2019,RORAIMA,UTILITARIO,1290
2019,SANTA CATARINA,AUTOMOVEL,2972850
2019,SANTA CATARINA,CAMINHAO,151783
2019,SANTA CATARINA,CAMINHAO TRATOR,56420
2019,SANTA CATARINA,CAMINHONETE,338937
2019,SANTA CATARINA,CAMIONETA,264442
2019,SANTA CATARINA,MICROONIBUS,12434
2019,SANTA CATARINA,MOTOCICLETA,878170
2019,SANTA CATARINA,MOTONETA,278503
2019,SANTA CATARINA,ONIBUS,19687
2019,SANTA CATARINA,UTILITARIO,65601
2019,SAO PAULO,AUTOMOVEL,18475775
2019,SAO PAULO,CAMINHAO,669476
2019,SAO PAULO,CAMINHAO TRATOR,187485
2019,SAO PAULO,CAMINHONETE,1735486
2019,SAO PAULO,CAMIONETA,1483750
2019,SAO PAULO,MICROONIBUS,119100
2019,SAO PAULO,MOTOCICLETA,4682931
2019,SAO PAULO,MOTONETA,932519
2019,SAO PAULO,ONIBUS,164086
2019,SAO PAULO,UTILITARIO,294850
2019,SERGIPE,AUTOMOVEL,334455
2019,SERGIPE,CAMINHAO,21576
2019,SERGIPE,CAMINHAO TRATOR,2683
2019,SERGIPE,CAMINHONETE,44902
2019,SERGIPE,CAMIONETA,16175
2019,SERGIPE,MICROONIBUS,3486
2019,SERGIPE,MOTOCICLETA,257492
2019,SERGIPE,MOTONETA,45142
2019,SERGIPE,ONIBUS,7287
2019,SERGIPE,UTILITARIO,5056
2019,Sem InformaÃ§Ã£o,AUTOMOVEL,306119
2019,Sem InformaÃ§Ã£o,CAMINHAO,28633
2019,Sem InformaÃ§Ã£o,CAMINHAO TRATOR,6525
2019,Sem InformaÃ§Ã£o,CAMINHONETE,45238
2019,Sem InformaÃ§Ã£o,CAMIONETA,57008
2019,Sem InformaÃ§Ã£o,MICROONIBUS,2731
2019,Sem InformaÃ§Ã£o,MOTOCICLETA,646741
2019,Sem InformaÃ§Ã£o,MOTONETA,221205
2019,Sem InformaÃ§Ã£o,ONIBUS,4355
2019,Sem InformaÃ§Ã£o,UTILITARIO,10674
2019,TOCANTINS,AUTOMOVEL,217204
2019,TOCANTINS,CAMINHAO,22366
2019,TOCANTINS,CAMINHAO TRATOR,5717
2019,TOCANTINS,CAMINHONETE,60201
2019,TOCANTINS,CAMIONETA,18616
2019,TOCANTINS,MICROONIBUS,1544
2019,TOCANTINS,MOTOCICLETA,236193
2019,TOCANTINS,MOTONETA,97181
2019,TOCANTINS,ONIBUS,5644
2019,TOCANTINS,UTILITARIO,3986
2020,ACRE,AUTOMOVEL,93403
2020,ACRE,CAMINHAO,7505
2020,ACRE,CAMINHAO TRATOR,1077
2020,ACRE,CAMINHONETE,26429
2020,ACRE,CAMIONETA,6447
2020,ACRE,MICROONIBUS,381
2020,ACRE,MOTOCICLETA,126372
2020,ACRE,MOTONETA,28040
2020,ACRE,ONIBUS,1255
2020,ACRE,UTILITARIO,1419
2020,ALAGOAS,AUTOMOVEL,381360
2020,ALAGOAS,CAMINHAO,22376
2020,ALAGOAS,CAMINHAO TRATOR,2798
2020,ALAGOAS,CAMINHONETE,54240
2020,ALAGOAS,CAMIONETA,27359
2020,ALAGOAS,MICROONIBUS,7084
2020,ALAGOAS,MOTOCICLETA,313822
2020,ALAGOAS,MOTONETA,43920
2020,ALAGOAS,ONIBUS,8472
2020,ALAGOAS,UTILITARIO,7131
2020,AMAPA,AUTOMOVEL,87671
2020,AMAPA,CAMINHAO,4208
2020,AMAPA,CAMINHAO TRATOR,425
2020,AMAPA,CAMINHONETE,21172
2020,AMAPA,CAMIONETA,6823
2020,AMAPA,MICROONIBUS,449
2020,AMAPA,MOTOCICLETA,69128
2020,AMAPA,MOTONETA,12969
2020,AMAPA,ONIBUS,1383
2020,AMAPA,UTILITARIO,1037
2020,AMAZONAS,AUTOMOVEL,419368
2020,AMAZONAS,CAMINHAO,20373
2020,AMAZONAS,CAMINHAO TRATOR,3820
2020,AMAZONAS,CAMINHONETE,85472
2020,AMAZONAS,CAMIONETA,35113
2020,AMAZONAS,MICROONIBUS,3626
2020,AMAZONAS,MOTOCICLETA,280283
2020,AMAZONAS,MOTONETA,63636
2020,AMAZONAS,ONIBUS,9369
2020,AMAZONAS,UTILITARIO,5726
2020,BAHIA,AUTOMOVEL,1937170
2020,BAHIA,CAMINHAO,123119
2020,BAHIA,CAMINHAO TRATOR,23949
2020,BAHIA,CAMINHONETE,374211
2020,BAHIA,CAMIONETA,138731
2020,BAHIA,MICROONIBUS,30955
2020,BAHIA,MOTOCICLETA,1370547
2020,BAHIA,MOTONETA,214095
2020,BAHIA,ONIBUS,42051
2020,BAHIA,UTILITARIO,35229
2020,CEARA,AUTOMOVEL,1201887
2020,CEARA,CAMINHAO,75350
2020,CEARA,CAMINHAO TRATOR,9994
2020,CEARA,CAMINHONETE,201176
2020,CEARA,CAMIONETA,71080
2020,CEARA,MICROONIBUS,13130
2020,CEARA,MOTOCICLETA,1446328
2020,CEARA,MOTONETA,180592
2020,CEARA,ONIBUS,18270
2020,CEARA,UTILITARIO,36729
2020,DISTRITO FEDERAL,AUTOMOVEL,1336823
2020,DISTRITO FEDERAL,CAMINHAO,25076
2020,DISTRITO FEDERAL,CAMINHAO TRATOR,3875
2020,DISTRITO FEDERAL,CAMINHONETE,124107
2020,DISTRITO FEDERAL,CAMIONETA,105106
2020,DISTRITO FEDERAL,MICROONIBUS,6221
2020,DISTRITO FEDERAL,MOTOCICLETA,202826
2020,DISTRITO FEDERAL,MOTONETA,21358
2020,DISTRITO FEDERAL,ONIBUS,13469
2020,DISTRITO FEDERAL,UTILITARIO,31792
2020,ESPIRITO SANTO,AUTOMOVEL,992530
2020,ESPIRITO SANTO,CAMINHAO,75588
2020,ESPIRITO SANTO,CAMINHAO TRATOR,19823
2020,ESPIRITO SANTO,CAMINHONETE,166884
2020,ESPIRITO SANTO,CAMIONETA,85489
2020,ESPIRITO SANTO,MICROONIBUS,8644
2020,ESPIRITO SANTO,MOTOCICLETA,466306
2020,ESPIRITO SANTO,MOTONETA,117149
2020,ESPIRITO SANTO,ONIBUS,15250
2020,ESPIRITO SANTO,UTILITARIO,22598
2020,GOIAS,AUTOMOVEL,1931983
2020,GOIAS,CAMINHAO,113929
2020,GOIAS,CAMINHAO TRATOR,34792
2020,GOIAS,CAMINHONETE,389516
2020,GOIAS,CAMIONETA,99526
2020,GOIAS,MICROONIBUS,10524
2020,GOIAS,MOTOCICLETA,910033
2020,GOIAS,MOTONETA,295233
2020,GOIAS,ONIBUS,23693
2020,GOIAS,UTILITARIO,33705
2020,MARANHAO,AUTOMOVEL,466252
2020,MARANHAO,CAMINHAO,42983
2020,MARANHAO,CAMINHAO TRATOR,5731
2020,MARANHAO,CAMINHONETE,124424
2020,MARANHAO,CAMIONETA,31007
2020,MARANHAO,MICROONIBUS,5346
2020,MARANHAO,MOTOCICLETA,914864
2020,MARANHAO,MOTONETA,163806
2020,MARANHAO,ONIBUS,9844
2020,MARANHAO,UTILITARIO,11580
2020,MATO GROSSO,AUTOMOVEL,781595
2020,MATO GROSSO,CAMINHAO,76692
2020,MATO GROSSO,CAMINHAO TRATOR,41130
2020,MATO GROSSO,CAMINHONETE,245432
2020,MATO GROSSO,CAMIONETA,49818
2020,MATO GROSSO,MICROONIBUS,3931
2020,MATO GROSSO,MOTOCICLETA,656745
2020,MATO GROSSO,MOTONETA,250837
2020,MATO GROSSO,ONIBUS,12729
2020,MATO GROSSO,UTILITARIO,18401
2020,MATO GROSSO DO SUL,AUTOMOVEL,775824
2020,MATO GROSSO DO SUL,CAMINHAO,54774
2020,MATO GROSSO DO SUL,CAMINHAO TRATOR,20211
2020,MATO GROSSO DO SUL,CAMINHONETE,177788
2020,MATO GROSSO DO SUL,CAMIONETA,38204
2020,MATO GROSSO DO SUL,MICROONIBUS,4125
2020,MATO GROSSO DO SUL,MOTOCICLETA,385023
2020,MATO GROSSO DO SUL,MOTONETA,118431
2020,MATO GROSSO DO SUL,ONIBUS,10283
2020,MATO GROSSO DO SUL,UTILITARIO,15198
2020,MINAS GERAIS,AUTOMOVEL,6511622
2020,MINAS GERAIS,CAMINHAO,345247
2020,MINAS GERAIS,CAMINHAO TRATOR,83051
2020,MINAS GERAIS,CAMINHONETE,1037214
2020,MINAS GERAIS,CAMIONETA,347109
2020,MINAS GERAIS,MICROONIBUS,49098
2020,MINAS GERAIS,MOTOCICLETA,2625541
2020,MINAS GERAIS,MOTONETA,314110
2020,MINAS GERAIS,ONIBUS,81739
2020,MINAS GERAIS,UTILITARIO,87914
2020,PARA,AUTOMOVEL,643176
2020,PARA,CAMINHAO,64072
2020,PARA,CAMINHAO TRATOR,10423
2020,PARA,CAMINHONETE,161259
2020,PARA,CAMIONETA,44543
2020,PARA,MICROONIBUS,6861
2020,PARA,MOTOCICLETA,933983
2020,PARA,MOTONETA,209814
2020,PARA,ONIBUS,19525
2020,PARA,UTILITARIO,14848
2020,PARAIBA,AUTOMOVEL,563059
2020,PARAIBA,CAMINHAO,29343
2020,PARAIBA,CAMINHAO TRATOR,3021
2020,PARAIBA,CAMINHONETE,80353
2020,PARAIBA,CAMIONETA,38896
2020,PARAIBA,MICROONIBUS,5090
2020,PARAIBA,MOTOCICLETA,519976
2020,PARAIBA,MOTONETA,72840
2020,PARAIBA,ONIBUS,7913
2020,PARAIBA,UTILITARIO,13215
2020,PARANA,AUTOMOVEL,4599087
2020,PARANA,CAMINHAO,274718
2020,PARANA,CAMINHAO TRATOR,102520
2020,PARANA,CAMINHONETE,672666
2020,PARANA,CAMIONETA,298143
2020,PARANA,MICROONIBUS,24472
2020,PARANA,MOTOCICLETA,1204500
2020,PARANA,MOTONETA,311073
2020,PARANA,ONIBUS,45546
2020,PARANA,UTILITARIO,73795
2020,PERNAMBUCO,AUTOMOVEL,1387181
2020,PERNAMBUCO,CAMINHAO,93828
2020,PERNAMBUCO,CAMINHAO TRATOR,13616
2020,PERNAMBUCO,CAMINHONETE,176875
2020,PERNAMBUCO,CAMIONETA,108207
2020,PERNAMBUCO,MICROONIBUS,19693
2020,PERNAMBUCO,MOTOCICLETA,1094999
2020,PERNAMBUCO,MOTONETA,117456
2020,PERNAMBUCO,ONIBUS,20872
2020,PERNAMBUCO,UTILITARIO,24326
2020,PIAUI,AUTOMOVEL,377403
2020,PIAUI,CAMINHAO,31178
2020,PIAUI,CAMINHAO TRATOR,3121
2020,PIAUI,CAMINHONETE,87175
2020,PIAUI,CAMIONETA,32254
2020,PIAUI,MICROONIBUS,4326
2020,PIAUI,MOTOCICLETA,582478
2020,PIAUI,MOTONETA,104367
2020,PIAUI,ONIBUS,8574
2020,PIAUI,UTILITARIO,8313
2020,RIO DE JANEIRO,AUTOMOVEL,4666488
2020,RIO DE JANEIRO,CAMINHAO,144713
2020,RIO DE JANEIRO,CAMINHAO TRATOR,18944
2020,RIO DE JANEIRO,CAMINHONETE,323888
2020,RIO DE JANEIRO,CAMIONETA,359003
2020,RIO DE JANEIRO,MICROONIBUS,40213
2020,RIO DE JANEIRO,MOTOCICLETA,1002817
2020,RIO DE JANEIRO,MOTONETA,182446
2020,RIO DE JANEIRO,ONIBUS,44750
2020,RIO DE JANEIRO,UTILITARIO,68766
2020,RIO GRANDE DO NORTE,AUTOMOVEL,584007
2020,RIO GRANDE DO NORTE,CAMINHAO,36606
2020,RIO GRANDE DO NORTE,CAMINHAO TRATOR,4018
2020,RIO GRANDE DO NORTE,CAMINHONETE,85560
2020,RIO GRANDE DO NORTE,CAMIONETA,41432
2020,RIO GRANDE DO NORTE,MICROONIBUS,5363
2020,RIO GRANDE DO NORTE,MOTOCICLETA,459050
2020,RIO GRANDE DO NORTE,MOTONETA,65404
2020,RIO GRANDE DO NORTE,ONIBUS,7739
2020,RIO GRANDE DO NORTE,UTILITARIO,18789
2020,RIO GRANDE DO SUL,AUTOMOVEL,4449529
2020,RIO GRANDE DO SUL,CAMINHAO,234064
2020,RIO GRANDE DO SUL,CAMINHAO TRATOR,67273
2020,RIO GRANDE DO SUL,CAMINHONETE,540337
2020,RIO GRANDE DO SUL,CAMIONETA,331006
2020,RIO GRANDE DO SUL,MICROONIBUS,21273
2020,RIO GRANDE DO SUL,MOTOCICLETA,1104795
2020,RIO GRANDE DO SUL,MOTONETA,198608
2020,RIO GRANDE DO SUL,ONIBUS,42702
2020,RIO GRANDE DO SUL,UTILITARIO,72770
2020,RONDONIA,AUTOMOVEL,303666
2020,RONDONIA,CAMINHAO,31495
2020,RONDONIA,CAMINHAO TRATOR,7709
2020,RONDONIA,CAMINHONETE,97372
2020,RONDONIA,CAMIONETA,20344
2020,RONDONIA,MICROONIBUS,1353
2020,RONDONIA,MOTOCICLETA,413876
2020,RONDONIA,MOTONETA,128344
2020,RONDONIA,ONIBUS,6612
2020,RONDONIA,UTILITARIO,4620
2020,RORAIMA,AUTOMOVEL,80437
2020,RORAIMA,CAMINHAO,5401
2020,RORAIMA,CAMINHAO TRATOR,1033
2020,RORAIMA,CAMINHONETE,25831
2020,RORAIMA,CAMIONETA,9200
2020,RORAIMA,MICROONIBUS,747
2020,RORAIMA,MOTOCICLETA,83243
2020,RORAIMA,MOTONETA,20530
2020,RORAIMA,ONIBUS,1236
2020,RORAIMA,UTILITARIO,1383
2020,SANTA CATARINA,AUTOMOVEL,3087907
2020,SANTA CATARINA,CAMINHAO,155886
2020,SANTA CATARINA,CAMINHAO TRATOR,60943
2020,SANTA CATARINA,CAMINHONETE,364550
2020,SANTA CATARINA,CAMIONETA,280599
2020,SANTA CATARINA,MICROONIBUS,12962
2020,SANTA CATARINA,MOTOCICLETA,902401
2020,SANTA CATARINA,MOTONETA,287276
2020,SANTA CATARINA,ONIBUS,20232
2020,SANTA CATARINA,UTILITARIO,76801
2020,SAO PAULO,AUTOMOVEL,18918353
2020,SAO PAULO,CAMINHAO,677779
2020,SAO PAULO,CAMINHAO TRATOR,196921
2020,SAO PAULO,CAMINHONETE,1808737
2020,SAO PAULO,CAMIONETA,1537915
2020,SAO PAULO,MICROONIBUS,121327
2020,SAO PAULO,MOTOCICLETA,4838586
2020,SAO PAULO,MOTONETA,979616
2020,SAO PAULO,ONIBUS,168925
2020,SAO PAULO,UTILITARIO,329730
2020,SERGIPE,AUTOMOVEL,345637
2020,SERGIPE,CAMINHAO,21926
2020,SERGIPE,CAMINHAO TRATOR,2840
2020,SERGIPE,CAMINHONETE,46906
2020,SERGIPE,CAMIONETA,17073
2020,SERGIPE,MICROONIBUS,3600
2020,SERGIPE,MOTOCICLETA,268287
2020,SERGIPE,MOTONETA,48200
2020,SERGIPE,ONIBUS,7608
2020,SERGIPE,UTILITARIO,5623
2020,Sem Informação,AUTOMOVEL,235676
2020,Sem Informação,CAMINHAO,25589
2020,Sem Informação,CAMINHAO TRATOR,5235
2020,Sem Informação,CAMINHONETE,35901
2020,Sem Informação,CAMIONETA,47103
2020,Sem Informação,MICROONIBUS,2508
2020,Sem Informação,MOTOCICLETA,685310
2020,Sem Informação,MOTONETA,230916
2020,Sem Informação,ONIBUS,4356
2020,Sem Informação,UTILITARIO,9775
2020,TOCANTINS,AUTOMOVEL,229138
2020,TOCANTINS,CAMINHAO,22888
2020,TOCANTINS,CAMINHAO TRATOR,6396
2020,TOCANTINS,CAMINHONETE,64765
2020,TOCANTINS,CAMIONETA,19281
2020,TOCANTINS,MICROONIBUS,1582
2020,TOCANTINS,MOTOCICLETA,243705
2020,TOCANTINS,MOTONETA,100914
2020,TOCANTINS,ONIBUS,5841
2020,TOCANTINS,UTILITARIO,4522
